Date,Open Price,High Price,Low Price,Close Price,WAP,No.of Shares,No. of Trades,Total Turnover (Rs.),Deliverable Quantity,% Deli. Qty to Traded Qty,Spread High-Low,Spread Close-Open
24-March-2023,5.38,5.38,5.02,5.36,5.310440973560499360,697933,1845,3706332.00,551179,78.97,0.36,-0.02
23-March-2023,5.13,5.13,5.13,5.13,5.129993239804637949,131653,375,675379.00,131653,100.00,0.00,0.00
22-March-2023,4.89,4.89,4.77,4.89,4.888545561660635061,83173,287,406595.00,79699,95.82,0.12,0.00
21-March-2023,4.65,4.66,4.55,4.66,4.643584587441619097,123328,486,572684.00,119774,97.12,0.11,0.01
20-March-2023,4.28,4.49,4.25,4.44,4.362580595868228143,235589,912,1027776.00,206580,87.69,0.24,0.16
17-March-2023,4.45,4.45,4.15,4.28,4.306927604446218283,217983,1020,938837.00,175674,80.59,0.30,-0.17
16-March-2023,4.31,4.55,4.18,4.29,4.234443553390867600,407757,1241,1726624.00,324676,79.62,0.37,-0.02
15-March-2023,4.49,4.75,4.37,4.40,4.468383830266013019,248860,1106,1112002.00,220291,88.52,0.38,-0.09
14-March-2023,4.61,4.89,4.50,4.60,4.586744905218073989,271307,1131,1244416.00,209157,77.09,0.39,-0.01
13-March-2023,4.99,5.08,4.67,4.73,4.777714658775849350,235886,1100,1126996.00,180573,76.55,0.41,-0.26
10-March-2023,5.05,5.21,4.74,4.85,4.894160304759573458,326815,1310,1599485.00,248227,75.95,0.47,-0.20
9-March-2023,4.55,4.98,4.52,4.98,4.910061370464265828,490301,1667,2407408.00,416334,84.91,0.46,0.43
8-March-2023,4.75,4.75,4.75,4.75,4.750000000000000000,315792,1177,1500012.00,310781,98.41,0.00,0.00
6-March-2023,5.00,5.00,5.00,5.00,5.000000000000000000,445521,1384,2227605.00,439315,98.61,0.00,0.00
3-March-2023,5.32,5.69,5.23,5.26,5.280769039123876421,662281,1966,3497353.00,555087,83.81,0.46,-0.06
2-March-2023,5.51,5.94,5.45,5.50,5.711770275320792325,401350,1327,2292419.00,336147,83.75,0.49,-0.01
1-March-2023,5.40,5.67,5.29,5.67,5.583714225609347957,418316,1441,2335757.00,346338,82.79,0.38,0.27
28-February-2023,5.78,5.79,5.30,5.40,5.439854854090381813,242239,1196,1317745.00,210277,86.81,0.49,-0.38
27-February-2023,5.51,5.89,5.45,5.56,5.534141806541476847,156509,756,866143.00,156509,100.00,0.44,0.05
24-February-2023,5.51,5.89,5.50,5.66,5.660772549628903682,167342,781,947285.00,167342,100.00,0.39,0.15
23-February-2023,5.65,6.09,5.59,5.70,5.652285063262999944,215924,976,1220464.00,215924,100.00,0.50,0.05
22-February-2023,6.35,6.35,5.85,5.88,5.890576543365184241,182831,998,1076980.00,182831,100.00,0.50,-0.47
21-February-2023,6.45,6.45,6.05,6.12,6.163871219123217165,220716,813,1360465.00,220716,100.00,0.40,-0.33
20-February-2023,6.12,6.28,5.90,6.19,6.170286284697782157,312556,1214,1928560.00,312556,100.00,0.38,0.07
17-February-2023,5.80,6.06,5.80,6.01,6.015445220463610475,669657,1521,4028285.00,669657,100.00,0.26,0.21
16-February-2023,5.25,5.78,5.25,5.78,5.697471695492116413,489498,1627,2788901.00,489498,100.00,0.53,0.53
15-February-2023,5.65,5.73,5.45,5.51,5.525919214077924555,440349,1647,2433333.00,440349,100.00,0.28,-0.14
14-February-2023,6.03,6.25,5.73,5.73,5.780965922097477350,393158,1897,2272833.00,393158,100.00,0.52,-0.30
13-February-2023,6.12,6.29,5.99,6.03,6.117286973555337904,481912,1625,2947994.00,481912,100.00,0.30,-0.09
10-February-2023,6.31,6.66,6.12,6.30,6.273757309941520467,571824,1764,3587485.00,571824,100.00,0.54,-0.01
9-February-2023,6.61,6.89,6.28,6.44,6.507514754686806433,624039,2087,4060943.00,624039,100.00,0.61,-0.17
8-February-2023,6.67,7.00,6.34,6.61,6.785126072243489224,1008866,2862,6845283.00,1008866,100.00,0.66,-0.06
7-February-2023,6.67,6.67,6.67,6.67,6.669996933357005665,309785,1424,2066265.00,309785,100.00,0.00,0.00
6-February-2023,7.02,7.02,7.02,7.02,7.019992314642682812,96287,730,675934.00,96287,100.00,0.00,0.00
3-February-2023,7.38,7.38,7.38,7.38,7.379991672284569932,100868,595,744405.00,100868,100.00,0.00,0.00
2-February-2023,8.49,8.49,7.76,7.76,7.809894083149045772,266341,1164,2080095.00,266341,100.00,0.73,-0.73
1-February-2023,8.16,8.16,7.50,8.16,8.072963366629587598,1067988,3110,8621828.00,1067988,100.00,0.66,0.00
31-January-2023,7.74,7.78,7.74,7.78,7.779673603963294052,826787,1389,6432133.00,826787,100.00,0.04,0.04
30-January-2023,7.06,7.41,7.06,7.41,7.409134980883859807,726088,1810,5379684.00,726088,100.00,0.35,0.35
27-January-2023,6.72,7.06,6.40,7.06,7.044729047206439476,573587,1860,4040765.00,573587,100.00,0.66,0.34
25-January-2023,7.08,7.08,6.73,6.73,6.770638234815414027,411651,1968,2787140.00,411651,100.00,0.35,-0.35
24-January-2023,7.13,7.40,7.07,7.08,7.130284804223006819,578924,2342,4127893.00,578924,100.00,0.33,-0.05
23-January-2023,7.51,8.12,7.44,7.44,7.448434170091513720,295147,1450,2198383.00,295147,100.00,0.68,-0.07
20-January-2023,8.15,8.15,7.75,7.83,7.867311144601229277,617761,2553,4860118.00,617761,100.00,0.40,-0.32
19-January-2023,8.45,8.60,8.02,8.15,8.159419857351756244,636671,2251,5194866.00,636671,100.00,0.58,-0.30
18-January-2023,8.95,8.97,8.33,8.44,8.428001556501694174,439447,2187,3703660.00,439447,100.00,0.64,-0.51
17-January-2023,9.20,9.33,8.54,8.76,8.931546489323474185,790332,3023,7058887.00,790332,100.00,0.79,-0.44
16-January-2023,8.91,9.34,8.47,8.98,8.704905558682022463,883141,3300,7687659.00,883141,100.00,0.87,0.07
13-January-2023,9.30,9.30,8.43,8.91,9.078447417526151110,1691324,4521,15354596.00,1691324,100.00,0.87,-0.39
12-January-2023,8.87,8.87,8.86,8.86,8.860076575008701705,201110,905,1781850.00,201110,100.00,0.01,-0.01
11-January-2023,9.33,9.33,9.32,9.32,9.320027515325631739,148281,873,1381983.00,148281,100.00,0.01,-0.01
10-January-2023,9.81,9.81,9.81,9.81,9.809996484580981583,204812,932,2009205.00,204812,100.00,0.00,0.00
9-January-2023,10.85,10.85,10.32,10.32,10.320194205390229846,310599,1084,3205442.00,310599,100.00,0.53,-0.53
6-January-2023,11.39,11.39,10.36,10.86,10.978654486960364064,1869339,4503,20522827.00,1869339,100.00,1.03,-0.53
5-January-2023,10.35,10.90,9.88,10.90,10.826038571516983886,4378827,6352,47405350.00,4378827,100.00,1.02,0.55
4-January-2023,10.39,10.41,10.39,10.39,10.390050196370058794,172124,846,1788377.00,172124,100.00,0.02,0.00
3-January-2023,10.93,10.93,10.93,10.93,10.929999179357319546,170598,954,1864636.00,170598,100.00,0.00,0.00
2-January-2023,11.50,11.50,11.50,11.50,11.499996599402855141,147033,829,1690879.00,147033,100.00,0.00,0.00
30-December-2022,12.10,12.10,12.10,12.10,12.099987476518472135,39925,309,483092.00,39925,100.00,0.00,0.00
29-December-2022,12.30,12.30,12.30,12.30,12.299980821392366914,36499,219,448937.00,36499,100.00,0.00,0.00
28-December-2022,12.55,12.55,12.55,12.55,12.550000000000000000,19240,230,241462.00,19240,100.00,0.00,0.00
27-December-2022,12.80,12.80,12.80,12.80,12.799985990964171890,28553,291,365478.00,28553,100.00,0.00,0.00
26-December-2022,13.05,13.05,13.05,13.05,13.049991741452403237,18163,240,237027.00,18163,100.00,0.00,0.00
23-December-2022,13.30,13.30,13.30,13.30,13.299959066721244371,12215,167,162459.00,12215,100.00,0.00,0.00
22-December-2022,13.55,13.55,13.55,13.55,13.549957144606342598,16334,155,221325.00,16334,100.00,0.00,0.00
21-December-2022,13.80,13.80,13.80,13.80,13.799972573936097271,21877,241,301902.00,21877,100.00,0.00,0.00
20-December-2022,14.05,14.05,14.05,14.05,14.049977857911052065,15807,175,222088.00,15807,100.00,0.00,0.00
19-December-2022,14.30,14.30,14.30,14.30,14.299994513633620453,18227,216,260646.00,18227,100.00,0.00,0.00
16-December-2022,14.55,14.55,14.55,14.55,14.549976727949732371,17188,213,250085.00,17188,100.00,0.00,0.00
15-December-2022,14.80,14.80,14.80,14.80,14.799961345187475840,15522,210,229725.00,15522,100.00,0.00,0.00
14-December-2022,15.10,15.10,15.10,15.10,15.099963824912576872,24879,226,375672.00,24879,100.00,0.00,0.00
13-December-2022,15.40,15.40,15.40,15.40,15.399938823889271239,13077,258,201385.00,13077,100.00,0.00,0.00
12-December-2022,15.70,15.70,15.70,15.70,15.699964534814989951,16918,215,265612.00,16918,100.00,0.00,0.00
9-December-2022,16.00,16.00,16.00,16.00,16.000000000000000000,11397,239,182352.00,11397,100.00,0.00,0.00
8-December-2022,16.30,16.30,16.30,16.30,16.299957428693060876,11745,197,191443.00,11745,100.00,0.00,0.00
7-December-2022,16.60,16.60,16.60,16.60,16.600000000000000000,12965,214,215219.00,12965,100.00,0.00,0.00
6-December-2022,16.90,16.90,16.90,16.90,16.899968876439464674,16065,229,271498.00,16065,100.00,0.00,0.00
5-December-2022,17.20,17.20,17.20,17.20,17.199983034313101751,23577,296,405524.00,23577,100.00,0.00,0.00
2-December-2022,17.55,17.55,17.55,17.55,17.549979497208466075,31703,373,556387.00,31703,100.00,0.00,0.00
1-December-2022,18.55,18.55,17.90,17.90,18.296581081731207893,602793,1431,11029051.00,602793,100.00,0.65,-0.65
30-November-2022,17.87,18.22,17.87,18.22,18.215018056000666735,1163879,3345,21200077.00,1163879,100.00,0.35,0.35
29-November-2022,17.17,17.87,17.17,17.87,17.863435620553210266,1375571,3158,24572424.00,1375571,100.00,0.70,0.70
28-November-2022,17.52,17.52,17.50,17.52,17.514695317476048375,1276427,3192,22356230.00,1276427,100.00,0.02,0.00
25-November-2022,17.16,17.18,17.16,17.18,17.175634516010564360,1734511,3532,29791327.00,1734511,100.00,0.02,0.02
24-November-2022,16.80,16.85,16.80,16.85,16.844967743271815315,1255242,2863,21144511.00,1255242,100.00,0.05,0.05
23-November-2022,16.19,16.52,16.19,16.52,16.512569264534642378,939514,2426,15513790.00,939514,100.00,0.33,0.33
22-November-2022,16.15,16.20,16.15,16.20,16.195034453465579538,1045323,2232,16929042.00,1045323,100.00,0.05,0.05
21-November-2022,15.88,15.89,15.87,15.89,15.882705680182715602,1138819,2286,18087527.00,1138819,100.00,0.02,0.01
18-November-2022,15.57,15.58,15.56,15.58,15.574355178592374180,988956,2319,15402352.00,988956,100.00,0.02,0.01
17-November-2022,15.25,15.28,15.25,15.28,15.275755862898376428,831500,2087,12701791.00,831500,100.00,0.03,0.03
16-November-2022,14.98,14.99,14.97,14.99,14.986718706870852701,905710,2130,13573621.00,905710,100.00,0.02,0.01
15-November-2022,14.40,14.70,14.40,14.70,14.694197449543177993,784879,1857,11533167.00,784879,100.00,0.30,0.30
14-November-2022,14.14,14.42,14.14,14.42,14.412725897643172562,844907,2197,12177413.00,844907,100.00,0.28,0.28
11-November-2022,14.12,14.14,14.12,14.14,14.132383322399349681,1083777,2298,15316352.00,1083777,100.00,0.02,0.02
10-November-2022,13.85,13.87,13.85,13.87,13.864682705689669786,731466,1979,10141544.00,731466,100.00,0.02,0.02
9-November-2022,13.59,13.60,13.58,13.60,13.598381435474429484,898574,2370,12219152.00,898574,100.00,0.02,0.01
7-November-2022,13.33,13.34,13.32,13.34,13.337186076987057126,835595,2736,11144486.00,835595,100.00,0.02,0.01
4-November-2022,13.03,13.08,12.58,13.08,13.069942715524597030,1031344,2808,13479607.00,1031344,100.00,0.50,0.05
3-November-2022,12.81,12.83,12.80,12.83,12.829248035206967049,1205216,2434,15462015.00,1205216,100.00,0.03,0.02
2-November-2022,12.51,12.58,12.51,12.58,12.579480554102966358,682689,2080,8587873.00,682689,100.00,0.07,0.07
1-November-2022,12.05,12.34,11.86,12.34,12.334867952513522580,849505,2957,10478532.00,849505,100.00,0.48,0.29
31-October-2022,11.70,12.10,11.70,12.10,12.089102238021626093,1010446,2671,12215385.00,1010446,100.00,0.40,0.40
28-October-2022,11.80,11.90,11.00,11.90,11.673040105240284947,4086648,8953,47703606.00,2163813,52.95,0.90,0.10
27-October-2022,11.30,11.35,11.25,11.35,11.348388781825956728,3166362,5905,35933107.00,2582590,81.56,0.10,0.05
25-October-2022,10.05,10.85,9.90,10.85,10.798939019183052641,2541045,3296,27440590.00,1935170,76.16,0.95,0.80
24-October-2022,10.80,11.25,10.25,10.35,10.482514204279097676,1439883,2590,15093594.00,956850,66.45,1.00,-0.45
21-October-2022,10.75,10.90,10.75,10.75,10.750323349279158818,274471,1436,2950652.00,247124,90.04,0.15,0.00
20-October-2022,11.30,11.40,11.30,11.30,11.300309266012861938,158763,1057,1794071.00,146444,92.24,0.10,0.00
19-October-2022,11.85,12.20,11.85,11.85,11.873397377722189037,303019,1389,3597865.00,208521,68.81,0.35,0.00
18-October-2022,12.45,12.90,12.45,12.45,12.464731018017000977,416329,1530,5189429.00,271421,65.19,0.45,0.00
17-October-2022,13.75,14.00,13.10,13.10,13.209102844850974768,825632,2249,10905858.00,535487,64.86,0.90,-0.65
14-October-2022,13.75,14.90,13.75,13.75,13.763972826827827509,352112,1779,4846460.00,270321,76.77,1.15,0.00
13-October-2022,15.00,15.00,14.45,14.45,14.466542201190432178,324588,1578,4695666.00,245826,75.73,0.55,-0.55
12-October-2022,15.20,16.60,15.20,15.20,15.534624998488269287,1571047,3882,24405626.00,987765,62.87,1.40,0.00
11-October-2022,16.75,16.75,15.95,15.95,15.950329032977655500,242073,1389,3861144.00,242073,100.00,0.80,-0.80
10-October-2022,16.75,16.75,16.75,16.75,16.749999021920712980,255603,1453,4281350.00,255603,100.00,0.00,0.00
7-October-2022,17.60,17.70,17.60,17.60,17.600016255910437001,282974,1560,4980347.00,282974,100.00,0.10,0.00
6-October-2022,20.20,20.30,18.50,18.50,19.039169198465406114,1991667,5016,37919685.00,1246643,62.59,1.80,-1.70
4-October-2022,19.40,19.45,19.15,19.45,19.414646702724160174,1128568,3890,21910749.00,674393,59.76,0.30,0.05
3-October-2022,17.00,18.55,16.85,18.55,18.256326253000796318,1540841,4126,28130096.00,909166,59.00,1.70,1.55
30-September-2022,16.90,17.70,16.15,17.70,17.659631717190935227,1513728,4326,26731879.00,1357270,89.66,1.55,0.80
29-September-2022,16.85,18.50,16.85,16.90,16.931430282080247474,781657,3560,13234571.00,642098,82.15,1.65,0.05
28-September-2022,17.70,17.70,17.70,17.70,17.700000000000000000,111470,1104,1973019.00,111457,99.99,0.00,0.00
27-September-2022,18.60,18.60,18.60,18.60,18.599996335788355135,163746,1160,3045675.00,163746,100.00,0.00,0.00
26-September-2022,20.00,20.00,19.55,19.55,19.550039800274983718,110552,945,2161296.00,110542,99.99,0.45,-0.45
23-September-2022,21.10,22.20,20.10,20.55,21.248691948148502294,7446188,8675,158221755.00,3394511,45.59,2.10,-0.55
22-September-2022,20.15,21.15,20.15,21.15,21.127694041208147974,2733440,6210,57751284.00,1768945,64.71,1.00,1.00
21-September-2022,19.85,20.15,18.60,20.15,20.105030036317676886,4202912,6349,84499672.00,2061865,49.06,1.55,0.30
20-September-2022,18.60,20.50,18.60,19.20,18.996511332273260978,4409133,11503,83758145.00,2433598,55.19,1.90,0.60
19-September-2022,19.55,19.55,19.55,19.55,19.549999091090872734,110022,1170,2150930.00,110022,100.00,0.00,0.00
16-September-2022,20.55,20.55,20.55,20.55,20.549996425138426584,125879,1179,2586813.00,125879,100.00,0.00,0.00
15-September-2022,21.60,21.60,21.60,21.60,21.599995241154495919,84054,1096,1815566.00,84054,100.00,0.00,0.00
14-September-2022,22.70,22.70,22.70,22.70,22.699996565816133795,145595,1716,3305006.00,145595,100.00,0.00,0.00
13-September-2022,26.20,26.35,23.85,23.85,25.203690278928472797,5388048,12996,135798693.00,3203468,59.46,2.50,-2.35
12-September-2022,22.80,25.10,22.80,25.10,25.069258479947973807,2520269,9674,63181275.00,2520269,100.00,2.30,2.30
9-September-2022,23.85,23.95,23.85,23.95,23.941150014901245382,2768225,10351,66274490.00,2768225,100.00,0.10,0.10
8-September-2022,22.45,22.85,22.45,22.85,22.836900022646177395,2989467,11469,68270159.00,2989467,100.00,0.40,0.40
7-September-2022,19.80,21.80,19.80,21.80,21.771660388007333105,2026972,7097,44130546.00,2026972,100.00,2.00,2.00
6-September-2022,18.90,20.80,18.90,20.80,20.793106951051792461,2648146,7808,55063183.00,2648146,100.00,1.90,1.90
5-September-2022,19.85,19.85,19.75,19.85,19.849997291140204682,1864253,3729,37005417.00,1864253,100.00,0.10,0.00
2-September-2022,18.05,18.95,18.05,18.95,18.949990706929165054,2943053,5048,55770827.00,2943053,100.00,0.90,0.90
1-September-2022,18.05,18.10,18.05,18.05,18.050027531887077401,310549,768,5605418.00,310549,100.00,0.05,0.00
30-August-2022,19.00,19.00,19.00,19.00,19.000000000000000000,105321,638,2001099.00,105321,100.00,0.00,0.00
29-August-2022,20.00,20.00,20.00,20.00,20.000000000000000000,43418,540,868360.00,43418,100.00,0.00,0.00
26-August-2022,21.05,21.05,21.05,21.05,21.049998004071693744,50102,498,1054647.00,50102,100.00,0.00,0.00
25-August-2022,22.15,22.15,22.15,22.15,22.149983362071573343,33057,428,732212.00,33057,100.00,0.00,0.00
24-August-2022,23.30,23.30,23.30,23.30,23.299979999428555101,34999,397,815476.00,34999,100.00,0.00,0.00
23-August-2022,24.50,24.50,24.50,24.50,24.499988815568728330,44705,449,1095272.00,44705,100.00,0.00,0.00
22-August-2022,25.75,25.75,25.75,25.75,25.749988166800776257,42254,519,1088040.00,42254,100.00,0.00,0.00
19-August-2022,27.10,27.10,27.10,27.10,27.099988902452557984,27033,513,732594.00,27033,100.00,0.00,0.00
18-August-2022,28.50,28.50,28.50,28.50,28.500000000000000000,46558,675,1326903.00,46558,100.00,0.00,0.00
17-August-2022,29.95,29.95,29.95,29.95,29.949995029326970871,70413,798,2108869.00,70413,100.00,0.00,0.00
16-August-2022,33.15,34.80,31.50,31.50,33.687919311584060967,775229,3303,26115852.00,775229,100.00,3.30,-1.65
12-August-2022,32.95,33.15,32.95,33.15,33.130349875041015076,2965373,11211,98243845.00,2965373,100.00,0.20,0.20
11-August-2022,28.60,31.60,28.60,31.60,31.583270373938810012,2750450,10283,86868206.00,2750450,100.00,3.00,3.00
10-August-2022,29.95,30.10,29.95,30.10,30.083031006232657715,3005299,11044,90408503.00,3005299,100.00,0.15,0.15
8-August-2022,28.55,28.70,28.55,28.70,28.679372563733363761,3102339,11279,88973136.00,3102339,100.00,0.15,0.15
5-August-2022,27.20,27.35,27.20,27.35,27.310066092689842848,3448339,10033,94174366.00,3448339,100.00,0.15,0.15
4-August-2022,25.75,26.05,25.75,26.05,26.029587904005306218,2858533,9678,74406436.00,2858533,100.00,0.30,0.30
3-August-2022,24.75,24.85,24.75,24.85,24.813453749218511571,3374970,9159,83744662.00,3374970,100.00,0.10,0.10
2-August-2022,23.60,23.70,23.60,23.70,23.685479526426046288,2866036,8721,67883437.00,2866036,100.00,0.10,0.10
1-August-2022,22.50,22.60,22.50,22.60,22.589021574132826249,2992797,9688,67604356.00,2992797,100.00,0.10,0.10
29-July-2022,21.49,21.56,21.49,21.56,21.553821221667431160,2474405,7081,53332883.00,2474405,100.00,0.07,0.07
28-July-2022,19.57,20.54,19.57,20.54,20.533891315547038479,2383708,5881,48946801.00,2383708,100.00,0.97,0.97
27-July-2022,19.54,19.57,18.64,19.57,19.558014775546152704,3329014,5580,65108905.00,3329014,100.00,0.93,0.03
26-July-2022,17.79,18.67,17.79,18.64,18.652305183775354964,3791368,6092,70717753.00,3791368,100.00,0.88,0.85
25-July-2022,17.74,17.79,17.74,17.79,17.782813906420960152,2968528,4869,52788781.00,2968528,100.00,0.05,0.05
22-July-2022,16.90,16.95,16.90,16.95,16.947183298988777437,1862498,4127,31564095.00,1862498,100.00,0.05,0.05
21-July-2022,16.14,16.15,16.12,16.15,16.148547611089378671,1896806,3588,30630662.00,1896806,100.00,0.03,0.01
20-July-2022,15.20,15.39,15.20,15.39,15.388622593197181773,1848822,2171,28450824.00,1848822,100.00,0.19,0.19
19-July-2022,14.49,14.66,13.29,14.66,14.656580640787551291,1873351,2967,27456920.00,1873351,100.00,1.37,0.17
18-July-2022,13.90,13.97,13.31,13.97,13.966933229870893080,2984658,4034,41686519.00,2984658,100.00,0.66,0.07
15-July-2022,13.31,13.31,13.31,13.31,13.309999582393719201,862056,251,11473965.00,862056,100.00,0.00,0.00
14-July-2022,12.68,12.68,12.68,12.68,12.679999806462226265,1240068,273,15724062.00,1240068,100.00,0.00,0.00
13-July-2022,12.08,12.08,11.51,12.08,12.077797448447233601,2256038,401,27247970.00,2256038,100.00,0.57,0.00
12-July-2022,11.51,11.51,11.51,11.51,11.509995888882363305,170270,80,1959807.00,170270,100.00,0.00,0.00
11-July-2022,10.45,10.97,10.45,10.97,10.932179087357063483,55794,44,609950.00,55794,100.00,0.52,0.52
8-July-2022,11.50,11.50,10.45,10.45,10.924788391777509068,70295,81,767958.00,70295,100.00,1.05,-1.05
7-July-2022,11.46,11.46,10.96,11.00,11.298054131525274240,18141,44,204958.00,18141,100.00,0.50,-0.46
6-July-2022,10.40,10.95,9.92,10.95,10.300425356004482012,91923,86,946846.00,91923,100.00,1.03,0.55
5-July-2022,10.45,10.45,10.44,10.44,10.447042550388618100,15182,60,158607.00,15182,100.00,0.01,-0.01
4-July-2022,11.00,11.00,10.98,10.98,10.982143062735300551,86857,64,953876.00,86857,100.00,0.02,-0.02
1-July-2022,12.50,12.50,11.55,11.55,11.914204405907290142,187294,114,2231459.00,187294,100.00,0.95,-0.95
30-June-2022,11.60,12.15,11.05,12.15,11.171921449495497450,138255,65,1544574.00,138255,100.00,1.10,0.55
29-June-2022,12.30,12.75,11.60,11.60,11.758334496719251710,143260,145,1684499.00,143260,100.00,1.15,-0.70
28-June-2022,11.20,12.20,11.20,12.20,11.741638999628257553,78011,82,915977.00,78011,100.00,1.00,1.00
27-June-2022,10.65,11.75,10.65,11.75,11.061884812036849336,88794,64,982229.00,88794,100.00,1.10,1.10
24-June-2022,10.90,11.20,10.90,11.20,11.042086149863368330,55624,69,614205.00,55624,100.00,0.30,0.30
23-June-2022,9.90,10.90,9.90,10.90,10.176310747466470652,331948,128,3378006.00,331948,100.00,1.00,1.00
22-June-2022,10.40,10.40,10.40,10.40,10.399958053691275167,4768,22,49587.00,4768,100.00,0.00,0.00
21-June-2022,10.90,10.90,10.90,10.90,10.900000000000000000,88330,103,962797.00,88330,100.00,0.00,0.00
20-June-2022,10.90,12.00,10.90,11.45,11.682633638646150393,142586,129,1665780.00,142586,100.00,1.10,0.55
17-June-2022,11.35,11.45,10.45,11.45,11.320552793196004601,318166,165,3601815.00,318166,100.00,1.00,0.10
16-June-2022,9.95,10.95,9.95,10.95,10.114190399219576107,280873,239,2840803.00,280873,100.00,1.00,1.00
15-June-2022,10.45,10.45,10.45,10.45,10.449998545200616834,68738,140,718312.00,68738,100.00,0.00,0.00
14-June-2022,11.15,11.15,11.00,11.00,11.064652891560888220,156853,355,1735524.00,156853,100.00,0.15,-0.15
13-June-2022,10.65,10.65,10.00,10.65,10.503864247311827956,178560,388,1875570.00,178560,100.00,0.65,0.00
10-June-2022,10.15,10.15,10.15,10.15,10.149997798589839548,317978,654,3227476.00,317978,100.00,0.00,0.00
9-June-2022,104.85,104.85,96.80,96.80,99.488476297161379507,41957,225,4174238.00,41957,100.00,8.05,-8.05
8-June-2022,101.00,101.85,93.50,101.85,101.026454810891559720,73635,213,7439083.00,73635,100.00,8.35,0.85
7-June-2022,97.25,97.25,89.00,97.15,95.678443709499610120,37191,255,3558377.00,37191,100.00,8.25,-0.10
6-June-2022,92.50,92.65,92.50,92.65,92.641935708806917230,28682,254,2657156.00,28682,100.00,0.15,0.15
3-June-2022,84.65,88.25,84.50,88.25,87.431859816806053365,12555,119,1097707.00,12555,100.00,3.75,3.60
2-June-2022,84.50,85.05,83.50,84.05,83.988735548894963933,30361,115,2549982.00,30361,100.00,1.55,-0.45
1-June-2022,83.40,83.40,81.00,81.00,83.058978161229441898,14836,99,1232263.00,14836,100.00,2.40,-2.40
31-May-2022,79.45,79.45,71.95,79.45,77.414203057082817582,69478,76,5378584.00,69478,100.00,7.50,0.00
30-May-2022,75.70,75.70,75.70,75.70,75.699977693508811064,8966,16,678726.00,8966,100.00,0.00,0.00
27-May-2022,72.10,72.10,72.10,72.10,72.099991981396840670,37413,21,2697477.00,37413,100.00,0.00,0.00
26-May-2022,68.70,68.70,68.70,68.70,68.699948147721380422,17357,21,1192425.00,17357,100.00,0.00,0.00
25-May-2022,65.45,65.45,65.45,65.45,65.449971841561854702,10654,17,697304.00,10654,100.00,0.00,0.00
24-May-2022,56.45,62.35,56.45,62.35,62.153250468580447864,20274,32,1260095.00,20274,100.00,5.90,5.90
23-May-2022,59.40,59.40,59.40,59.40,59.399931224209078404,11632,42,690940.00,11632,100.00,0.00,0.00
20-May-2022,62.10,62.50,56.60,56.60,62.279736842105263157,3800,44,236663.00,3800,100.00,5.90,-5.50
19-May-2022,59.55,59.55,56.75,59.55,59.272320252831182512,7594,40,450114.00,7594,100.00,2.80,0.00
18-May-2022,56.75,56.75,56.75,56.75,56.749968140690709825,7847,36,445317.00,7847,100.00,0.00,0.00
17-May-2022,54.05,54.05,54.05,54.05,54.050000000000000000,1080,6,58374.00,1080,100.00,0.00,0.00
16-May-2022,51.50,51.50,51.50,51.50,51.499897938354766278,4899,30,252298.00,4899,100.00,0.00,0.00
13-May-2022,47.90,49.05,44.45,49.05,48.215358271865121180,15184,64,732102.00,14234,93.74,4.60,1.15
12-May-2022,46.75,46.75,46.75,46.75,46.749443207126948775,898,11,41981.00,898,100.00,0.00,0.00
11-May-2022,44.55,44.55,44.55,44.55,44.549965059399021663,1431,6,63751.00,1431,100.00,0.00,0.00
10-May-2022,42.45,42.45,42.45,42.45,42.449804432855280312,767,8,32559.00,767,100.00,0.00,0.00
9-May-2022,40.45,40.45,40.45,40.45,40.446428571428571428,168,3,6795.00,168,100.00,0.00,0.00
6-May-2022,38.55,38.55,38.55,38.55,38.444444444444444444,9,2,346.00,9,100.00,0.00,0.00
5-May-2022,36.75,36.75,36.75,36.75,36.750000000000000000,32,3,1176.00,32,100.00,0.00,0.00
4-May-2022,35.00,35.00,35.00,35.00,35.000000000000000000,20000,5,700000.00,20000,100.00,0.00,0.00
2-May-2022,33.35,33.35,33.35,33.35,33.349997169223801166,158967,36,5301549.00,151467,95.28,0.00,0.00
29-April-2022,31.80,31.80,31.80,31.80,31.798920377867746288,741,4,23563.00,741,100.00,0.00,0.00
28-April-2022,30.30,30.30,30.30,30.30,30.266666666666666666,15,1,454.00,15,100.00,0.00,0.00
27-April-2022,27.55,28.90,27.55,28.90,28.816312070319232463,156657,22,4514277.00,156657,100.00,1.35,1.35
26-April-2022,26.25,27.55,26.25,27.55,27.066666666666666666,15,3,406.00,15,100.00,1.30,1.30
25-April-2022,26.20,26.25,26.20,26.25,26.248131007475970096,2809,11,73731.00,2809,100.00,0.05,0.05
22-April-2022,26.25,26.25,26.25,26.25,26.249677419354838709,1550,13,40687.00,1550,100.00,0.00,0.00
21-April-2022,24.00,25.25,24.00,25.00,24.725383402608571019,6977,14,172509.00,6977,100.00,1.25,1.00
20-April-2022,24.05,25.25,24.05,25.25,24.144431326249508067,2541,9,61351.00,2541,100.00,1.20,1.20
19-April-2022,24.05,24.05,24.05,24.05,24.050000000000000000,200,2,4810.00,200,100.00,0.00,0.00
13-April-2022,24.10,25.00,24.05,24.05,24.339181286549707602,171,8,4162.00,171,100.00,0.95,-0.05
12-April-2022,25.30,25.30,25.30,25.30,25.000000000000000000,3,3,75.00,3,100.00,0.00,0.00
11-April-2022,26.60,26.60,26.60,26.60,26.545454545454545454,11,1,292.00,11,100.00,0.00,0.00
1-April-2022,28.00,28.00,28.00,28.00,28.000000000000000000,135,3,3780.00,135,100.00,0.00,0.00
31-March-2022,28.00,28.00,28.00,28.00,28.000000000000000000,398,5,11144.00,398,100.00,0.00,0.00
29-March-2022,28.00,28.00,28.00,28.00,28.000000000000000000,3,1,84.00,3,100.00,0.00,0.00
28-March-2022,28.00,28.00,28.00,28.00,28.000000000000000000,3,3,84.00,3,100.00,0.00,0.00
25-March-2022,28.00,28.00,28.00,28.00,28.000000000000000000,66,2,1848.00,66,100.00,0.00,0.00
24-March-2022,28.70,28.80,28.70,28.80,28.704221093372036768,16536,14,474653.00,16536,100.00,0.10,0.10
23-March-2022,27.45,27.45,24.90,27.45,27.345283824157063593,2343,9,64070.00,2343,100.00,2.55,0.00
22-March-2022,25.00,26.20,25.00,26.20,25.813858391216670401,17852,10,460829.00,17852,100.00,1.20,1.20
21-March-2022,24.30,25.00,24.30,25.00,24.966742683390345876,10524,9,262750.00,10524,100.00,0.70,0.70
17-March-2022,24.10,24.10,23.90,23.90,24.074557017719291228,25001,7,601888.00,25001,100.00,0.20,-0.20
16-March-2022,23.00,23.00,23.00,23.00,23.000000000000000000,41,3,943.00,41,100.00,0.00,0.00
15-March-2022,23.00,23.00,23.00,23.00,23.000000000000000000,20058,4,461334.00,20058,100.00,0.00,0.00
14-March-2022,22.00,22.00,22.00,22.00,22.000000000000000000,20000,2,440000.00,20000,100.00,0.00,0.00
11-March-2022,21.30,21.30,21.00,21.00,21.298701298701298701,20097,8,428040.00,20097,100.00,0.30,-0.30
10-March-2022,19.40,20.35,19.40,20.35,20.299815360047906582,20039,6,406788.00,20039,100.00,0.95,0.95
9-March-2022,19.40,19.40,18.50,19.40,19.399730753889110490,20056,3,389081.00,20056,100.00,0.90,0.00
8-March-2022,18.50,18.50,18.50,18.50,18.500000000000000000,50300,4,930550.00,50300,100.00,0.00,0.00
4-March-2022,17.70,17.70,17.70,17.70,17.647058823529411764,17,1,300.00,17,100.00,0.00,0.00
3-March-2022,17.70,17.70,17.70,17.70,17.700000000000000000,1000,1,17700.00,1000,100.00,0.00,0.00
2-March-2022,18.55,18.55,18.55,18.55,18.534883720930232558,43,4,797.00,43,100.00,0.00,0.00
28-February-2022,18.55,18.55,18.55,18.55,18.548611111111111111,144,5,2671.00,144,100.00,0.00,0.00
24-February-2022,19.50,19.50,19.50,19.50,19.500000000000000000,5500,1,107250.00,5500,100.00,0.00,0.00
23-February-2022,20.20,20.50,20.20,20.50,20.357142857142857142,2100,7,42750.00,2100,100.00,0.30,0.30
22-February-2022,19.05,20.05,19.05,20.05,19.945161290322580645,310,5,6183.00,310,100.00,1.00,1.00
21-February-2022,19.70,20.05,19.70,20.05,19.912838633686690223,849,3,16906.00,849,100.00,0.35,0.35
18-February-2022,20.75,20.75,20.70,20.70,20.742666666666666666,3000,20,62228.00,3000,100.00,0.05,-0.05
17-February-2022,19.80,19.80,19.80,19.80,19.800000000000000000,1070,4,21186.00,1070,100.00,0.00,0.00
16-February-2022,18.90,18.90,18.90,18.90,18.899280575539568345,556,6,10508.00,556,100.00,0.00,0.00
15-February-2022,16.65,18.00,16.65,18.00,17.085199128194967307,5047,10,86229.00,5047,100.00,1.35,1.35
14-February-2022,17.50,17.50,17.50,17.50,17.500000000000000000,216,7,3780.00,216,100.00,0.00,0.00
11-February-2022,17.25,17.30,17.25,17.30,17.261538461538461538,65,4,1122.00,65,100.00,0.05,0.05
10-February-2022,17.30,17.30,17.25,17.30,17.260869565217391304,23,7,397.00,23,100.00,0.05,0.00
9-February-2022,15.60,17.00,15.60,17.00,15.659740259740259740,1155,10,18087.00,1100,95.24,1.40,1.40
8-February-2022,17.25,18.10,16.40,16.40,17.288062902072909220,1399,13,24186.00,1299,92.85,1.70,-0.85
7-February-2022,16.50,17.30,16.50,17.25,17.281553398058252427,206,7,3560.00,206,100.00,0.80,0.75
4-February-2022,16.50,16.50,16.50,16.50,16.498269896193771626,289,8,4768.00,289,100.00,0.00,0.00
3-February-2022,16.15,16.15,16.15,16.15,16.148409893992932862,283,8,4570.00,283,100.00,0.00,0.00
2-February-2022,16.15,16.15,15.35,16.15,15.365558912386706948,2979,13,45774.00,2979,100.00,0.80,0.00
1-February-2022,16.15,16.15,16.15,16.15,16.149600000000000000,1250,6,20187.00,1250,100.00,0.00,0.00
31-January-2022,16.95,16.95,16.95,16.95,16.950000000000000000,600,3,10170.00,600,100.00,0.00,0.00
28-January-2022,18.00,18.00,17.80,17.80,17.803225806451612903,310,6,5519.00,310,100.00,0.20,-0.20
27-January-2022,17.85,18.70,17.85,18.70,18.500000000000000000,130,3,2405.00,100,76.92,0.85,0.85
25-January-2022,19.00,19.00,18.75,18.75,18.778048780487804878,410,9,7699.00,410,100.00,0.25,-0.25
24-January-2022,20.70,20.70,19.70,19.70,20.106194690265486725,113,10,2272.00,113,100.00,1.00,-1.00
21-January-2022,20.70,20.70,20.70,20.70,20.700000000000000000,380,2,7866.00,380,100.00,0.00,0.00
19-January-2022,20.80,20.80,20.70,20.70,20.798143851508120649,431,6,8964.00,431,100.00,0.10,-0.10
18-January-2022,20.80,20.80,20.80,20.80,20.799702528507684680,2017,18,41953.00,2017,100.00,0.00,0.00
17-January-2022,19.85,19.85,19.85,19.85,19.848101265822784810,316,8,6272.00,316,100.00,0.00,0.00
14-January-2022,20.00,20.00,19.85,19.85,19.884668828161185734,2159,10,42931.00,2159,100.00,0.15,-0.15
13-January-2022,20.85,21.00,20.85,20.85,20.881573133009279717,9052,13,189020.00,9052,100.00,0.15,0.00
12-January-2022,21.90,21.90,21.90,21.90,21.897260273972602739,292,6,6394.00,292,100.00,0.00,0.00
11-January-2022,24.25,24.25,23.05,23.05,23.554536187563710499,981,12,23107.00,981,100.00,1.20,-1.20
10-January-2022,25.50,25.50,24.25,24.25,25.333147942157953281,1798,26,45549.00,1670,92.88,1.25,-1.25
7-January-2022,25.50,25.50,25.50,25.50,25.499872870582252733,3933,15,100291.00,3933,100.00,0.00,0.00
6-January-2022,24.30,24.30,24.30,24.30,24.299790356394129979,2862,13,69546.00,2862,100.00,0.00,0.00
5-January-2022,22.05,23.15,22.05,23.15,23.067901234567901234,162,9,3737.00,157,96.91,1.10,1.10
4-January-2022,22.05,22.05,22.05,22.05,22.049315068493150684,365,6,8048.00,365,100.00,0.00,0.00
3-January-2022,21.00,21.00,21.00,21.00,21.000000000000000000,1530,8,32130.00,1530,100.00,0.00,0.00
31-December-2021,19.05,20.00,19.05,20.00,19.990099009900990099,101,2,2019.00,101,100.00,0.95,0.95
30-December-2021,19.05,19.05,19.05,19.05,19.049954586739327883,1101,5,20974.00,1101,100.00,0.00,0.00
29-December-2021,18.15,18.15,18.15,18.15,18.150000000000000000,100,1,1815.00,100,100.00,0.00,0.00
28-December-2021,17.29,17.29,17.29,17.29,17.200000000000000000,10,1,172.00,10,100.00,0.00,0.00
27-December-2021,16.45,16.47,16.45,16.47,16.449494949494949494,990,4,16285.00,990,100.00,0.02,0.02
24-December-2021,15.03,15.69,15.03,15.69,15.346420323325635103,1732,10,26580.00,1732,100.00,0.66,0.66
23-December-2021,14.95,14.95,14.95,14.95,14.500000000000000000,2,1,29.00,2,100.00,0.00,0.00
22-December-2021,14.26,14.26,14.26,14.26,14.000000000000000000,1,1,14.00,1,100.00,0.00,0.00
21-December-2021,12.35,13.59,12.35,13.59,13.000000000000000000,9,3,117.00,9,100.00,1.24,1.24
20-December-2021,12.95,12.95,12.95,12.95,12.949728260869565217,736,3,9531.00,736,100.00,0.00,0.00
17-December-2021,11.76,12.34,11.76,12.34,12.232142857142857142,56,3,685.00,56,100.00,0.58,0.58
16-December-2021,11.20,11.76,11.20,11.76,11.755910543130990415,1565,8,18398.00,1565,100.00,0.56,0.56
15-December-2021,11.20,11.20,11.20,11.20,11.200000000000000000,10,1,112.00,10,100.00,0.00,0.00
14-December-2021,11.20,11.20,11.20,11.20,11.000000000000000000,3,1,33.00,3,100.00,0.00,0.00
8-December-2021,11.20,11.20,11.20,11.20,11.200000000000000000,100,1,1120.00,100,100.00,0.00,0.00
23-November-2021,11.20,11.20,11.20,11.20,11.198863636363636363,176,3,1971.00,176,100.00,0.00,0.00
16-November-2021,11.20,11.20,11.20,11.20,11.200000000000000000,20,1,224.00,20,100.00,0.00,0.00
3-November-2021,11.20,11.20,11.20,11.20,11.142857142857142857,14,1,156.00,14,100.00,0.00,0.00
2-November-2021,11.20,11.20,11.20,11.20,11.200000000000000000,100,1,1120.00,100,100.00,0.00,0.00
1-November-2021,11.20,11.20,11.20,11.20,11.200000000000000000,5,1,56.00,5,100.00,0.00,0.00
26-October-2021,11.20,11.20,11.20,11.20,11.200000000000000000,5,1,56.00,5,100.00,0.00,0.00
20-October-2021,11.20,11.20,11.20,11.20,11.199379363847944142,1289,1,14436.00,1289,100.00,0.00,0.00
19-October-2021,11.10,11.10,11.10,11.10,11.100000000000000000,530,2,5883.00,530,100.00,0.00,0.00
18-October-2021,10.60,10.60,10.60,10.60,10.600000000000000000,300,2,3180.00,300,100.00,0.00,0.00
12-October-2021,10.60,10.60,10.60,10.60,10.599754073163233937,3253,3,34481.00,3253,100.00,0.00,0.00
11-October-2021,10.60,10.60,10.60,10.60,10.596026490066225165,151,2,1600.00,151,100.00,0.00,0.00
7-October-2021,10.10,10.10,10.10,10.10,10.099543378995433789,1095,3,11059.00,1095,100.00,0.00,0.00
5-October-2021,10.60,10.60,10.60,10.60,10.545454545454545454,11,1,116.00,11,100.00,0.00,0.00
4-October-2021,10.60,10.60,10.60,10.60,10.000000000000000000,1,1,10.00,1,100.00,0.00,0.00
1-October-2021,10.60,11.13,10.60,10.60,10.880317231434751261,2774,6,30182.00,2774,100.00,0.53,0.00
30-September-2021,10.60,10.60,10.60,10.60,10.600000000000000000,50,1,530.00,50,100.00,0.00,0.00
28-September-2021,9.65,10.60,9.65,10.60,9.756302521008403361,119,3,1161.00,119,100.00,0.95,0.95
20-September-2021,10.10,10.10,10.10,10.10,10.095959595959595959,198,2,1999.00,198,100.00,0.00,0.00
15-September-2021,10.10,10.10,10.10,10.10,10.100000000000000000,100,2,1010.00,100,100.00,0.00,0.00
6-September-2021,10.10,10.10,10.10,10.10,10.000000000000000000,1,1,10.00,1,100.00,0.00,0.00
31-August-2021,10.10,10.10,10.10,10.10,10.100000000000000000,700,2,7070.00,700,100.00,0.00,0.00
30-August-2021,10.10,10.10,10.10,10.10,10.100000000000000000,10,1,101.00,10,100.00,0.00,0.00
27-August-2021,10.10,10.10,10.10,10.10,10.000000000000000000,4,1,40.00,4,100.00,0.00,0.00
26-August-2021,10.10,10.10,10.10,10.10,10.095238095238095238,105,1,1060.00,105,100.00,0.00,0.00
24-August-2021,10.10,10.10,10.10,10.10,10.000000000000000000,1,1,10.00,1,100.00,0.00,0.00
16-August-2021,10.10,10.10,10.10,10.10,10.098823529411764705,425,3,4292.00,425,100.00,0.00,0.00
13-August-2021,10.50,10.50,10.50,10.50,10.000000000000000000,1,1,10.00,1,100.00,0.00,0.00
12-August-2021,10.00,10.00,10.00,10.00,10.000000000000000000,20,2,200.00,20,100.00,0.00,0.00
11-August-2021,10.46,10.46,10.46,10.46,10.450000000000000000,20,2,209.00,20,100.00,0.00,0.00
10-August-2021,10.47,10.47,10.47,10.47,10.444444444444444444,9,2,94.00,9,100.00,0.00,0.00
6-August-2021,11.02,11.02,11.02,11.02,11.000000000000000000,21,2,231.00,21,100.00,0.00,0.00
4-August-2021,10.50,10.50,10.50,10.50,10.466666666666666666,15,2,157.00,15,100.00,0.00,0.00
3-August-2021,10.03,10.03,10.03,10.03,10.027027027027027027,111,2,1113.00,111,100.00,0.00,0.00
2-August-2021,10.55,10.55,10.55,10.55,10.545454545454545454,11,2,116.00,11,100.00,0.00,0.00
30-July-2021,10.47,10.55,10.47,10.55,10.549450549450549450,1001,3,10560.00,1001,100.00,0.08,0.08
29-July-2021,10.50,10.50,10.50,10.50,10.500000000000000000,50,1,525.00,50,100.00,0.00,0.00
28-July-2021,10.97,10.97,10.95,10.95,10.950099009900990099,5050,3,55298.00,5050,100.00,0.02,-0.02
27-July-2021,10.98,10.98,10.98,10.98,10.978947368421052631,95,2,1043.00,95,100.00,0.00,0.00
26-July-2021,11.57,11.57,10.47,10.47,10.470437017994858611,3112,6,32584.00,3112,100.00,1.10,-1.10
22-July-2021,11.02,11.02,11.02,11.02,11.020000000000000000,150,3,1653.00,150,100.00,0.00,0.00
20-July-2021,10.50,10.50,10.50,10.50,10.500000000000000000,52,2,546.00,52,100.00,0.00,0.00
14-July-2021,10.50,10.50,10.50,10.50,10.500000000000000000,1000,1,10500.00,1000,100.00,0.00,0.00
12-July-2021,10.50,10.50,10.50,10.50,10.500000000000000000,200,1,2100.00,200,100.00,0.00,0.00
9-July-2021,10.80,10.80,10.50,10.50,10.586647727272727272,1408,4,14906.00,1408,100.00,0.30,-0.30
8-July-2021,10.30,10.30,10.30,10.30,10.300000000000000000,80,2,824.00,80,100.00,0.00,0.00
6-July-2021,10.35,10.35,10.30,10.30,10.349753694581280788,203,4,2101.00,203,100.00,0.05,-0.05
2-July-2021,10.35,10.35,10.35,10.35,10.350000000000000000,1000,1,10350.00,1000,100.00,0.00,0.00
30-June-2021,10.36,10.36,10.36,10.36,10.359989229940764674,22284,2,230862.00,22284,100.00,0.00,0.00
29-June-2021,10.90,10.90,10.90,10.90,10.000000000000000000,1,1,10.00,1,100.00,0.00,0.00
28-June-2021,10.40,10.40,10.40,10.40,10.000000000000000000,1,1,10.00,1,100.00,0.00,0.00
25-June-2021,10.00,10.00,10.00,10.00,10.000000000000000000,100,3,1000.00,100,100.00,0.00,0.00
23-June-2021,10.50,10.50,10.50,10.50,10.500000000000000000,3000,3,31500.00,3000,100.00,0.00,0.00
22-June-2021,10.55,10.55,10.55,10.55,10.000000000000000000,1,1,10.00,1,100.00,0.00,0.00
21-June-2021,10.50,10.50,10.50,10.50,10.000000000000000000,1,1,10.00,1,100.00,0.00,0.00
17-June-2021,11.00,11.00,11.00,11.00,11.000000000000000000,1212,4,13332.00,1212,100.00,0.00,0.00
16-June-2021,11.00,11.00,11.00,11.00,11.000000000000000000,10,1,110.00,10,100.00,0.00,0.00
15-June-2021,11.00,11.00,11.00,11.00,11.000000000000000000,110965,3,1220615.00,110965,100.00,0.00,0.00
11-June-2021,11.00,11.00,11.00,11.00,11.000000000000000000,1,1,11.00,1,100.00,0.00,0.00
7-June-2021,11.00,11.00,11.00,11.00,11.000000000000000000,100,2,1100.00,100,100.00,0.00,0.00
4-June-2021,11.02,11.02,11.00,11.00,11.007017543859649122,285,4,3137.00,285,100.00,0.02,-0.02
3-June-2021,11.02,11.02,11.02,11.02,11.000000000000000000,1,1,11.00,1,100.00,0.00,0.00
2-June-2021,11.02,11.02,11.02,11.02,11.000000000000000000,11,2,121.00,11,100.00,0.00,0.00
31-May-2021,11.02,11.02,11.02,11.02,11.019363762102351313,723,2,7967.00,723,100.00,0.00,0.00
27-May-2021,10.50,11.02,10.50,11.02,10.954616588419405320,639,5,7000.00,639,100.00,0.52,0.52
26-May-2021,10.50,10.50,10.50,10.50,10.000000000000000000,1,1,10.00,1,100.00,0.00,0.00
24-May-2021,11.00,11.00,10.50,10.50,10.503517334936995650,71503,5,751033.00,71503,100.00,0.50,-0.50
21-May-2021,11.00,11.00,11.00,11.00,11.000000000000000000,54509,2,599599.00,54509,100.00,0.00,0.00
18-May-2021,11.17,11.17,11.17,11.17,11.000000000000000000,3,2,33.00,3,100.00,0.00,0.00
12-May-2021,11.17,11.17,11.17,11.17,11.000000000000000000,1,1,11.00,1,100.00,0.00,0.00
11-May-2021,11.17,11.17,11.17,11.17,11.100000000000000000,10,1,111.00,10,100.00,0.00,0.00
29-April-2021,11.17,11.17,11.17,11.17,11.000000000000000000,1,1,11.00,1,100.00,0.00,0.00
28-April-2021,11.17,11.17,11.17,11.17,11.117647058823529411,17,2,189.00,17,100.00,0.00,0.00
27-April-2021,11.17,11.17,11.17,11.17,11.166666666666666666,18,3,201.00,18,100.00,0.00,0.00
26-April-2021,11.17,11.17,11.17,11.17,11.150000000000000000,20,1,223.00,20,100.00,0.00,0.00
13-April-2021,11.17,11.17,11.17,11.17,11.168316831683168316,101,2,1128.00,101,100.00,0.00,0.00
12-April-2021,11.75,11.75,11.75,11.75,11.749990294151902993,77273,1,907957.00,77273,100.00,0.00,0.00
9-April-2021,11.65,11.65,11.65,11.65,11.629629629629629629,27,3,314.00,27,100.00,0.00,0.00
5-April-2021,10.10,11.10,10.10,11.10,10.111334648257725180,76050,8,768967.00,76050,100.00,1.00,1.00
31-March-2021,10.60,10.60,10.60,10.60,10.600000000000000000,20,3,212.00,20,100.00,0.00,0.00
25-March-2021,10.13,10.13,10.12,10.12,10.120041379859149325,50266,3,508694.00,50266,100.00,0.01,-0.01
24-March-2021,10.05,10.65,10.05,10.65,10.055920792079207920,25250,4,253912.00,25040,99.17,0.60,0.60
22-March-2021,10.19,10.19,10.19,10.19,10.100000000000000000,10,2,101.00,10,100.00,0.00,0.00
19-March-2021,10.19,10.19,10.19,10.19,10.187878787878787878,165,1,1681.00,165,100.00,0.00,0.00
16-March-2021,9.71,9.71,9.71,9.71,9.685714285714285714,35,1,339.00,35,100.00,0.00,0.00
4-March-2021,9.71,9.71,9.71,9.71,9.706214689265536723,177,3,1718.00,177,100.00,0.00,0.00
3-March-2021,10.22,10.22,10.22,10.22,10.000000000000000000,2,1,20.00,2,100.00,0.00,0.00
1-March-2021,10.75,10.75,10.75,10.75,10.750000000000000000,100,1,1075.00,100,100.00,0.00,0.00
25-February-2021,10.25,10.25,10.25,10.25,10.250000000000000000,40,1,410.00,40,100.00,0.00,0.00
23-February-2021,9.86,9.86,9.86,9.86,9.500000000000000000,2,1,19.00,2,100.00,0.00,0.00
18-February-2021,10.37,10.37,10.37,10.37,10.352941176470588235,17,2,176.00,17,100.00,0.00,0.00
15-February-2021,10.37,10.37,10.37,10.37,10.370000000000000000,300,1,3111.00,300,100.00,0.00,0.00
12-February-2021,10.37,10.37,10.37,10.37,10.351851851851851851,54,2,559.00,54,100.00,0.00,0.00
9-February-2021,10.93,10.93,9.90,9.90,10.920133907221425155,20910,4,228340.00,20810,99.52,1.03,-1.03
8-February-2021,9.92,10.41,9.92,10.41,9.924666666666666666,21000,2,208418.00,21000,100.00,0.49,0.49
27-January-2021,9.92,9.92,9.92,9.92,9.920000000000000000,2000,3,19840.00,2000,100.00,0.00,0.00
25-January-2021,9.92,9.92,9.92,9.92,9.920000000000000000,1000,1,9920.00,1000,100.00,0.00,0.00
21-January-2021,9.92,9.92,9.92,9.92,9.920000000000000000,1000,1,9920.00,1000,100.00,0.00,0.00
20-January-2021,9.92,9.92,9.92,9.92,9.920000000000000000,2000,4,19840.00,2000,100.00,0.00,0.00
19-January-2021,9.45,9.92,9.45,9.92,9.882352941176470588,85,2,840.00,85,100.00,0.47,0.47
18-January-2021,9.45,9.45,9.45,9.45,9.450000000000000000,3000,2,28350.00,3000,100.00,0.00,0.00
15-January-2021,9.45,9.45,9.45,9.45,9.000000000000000000,2,2,18.00,2,100.00,0.00,0.00
12-January-2021,9.45,9.45,9.45,9.45,9.000000000000000000,2,1,18.00,2,100.00,0.00,0.00
6-January-2021,9.45,9.45,9.45,9.45,9.400000000000000000,10,1,94.00,10,100.00,0.00,0.00
5-January-2021,9.45,9.45,9.45,9.45,9.447236180904522613,199,1,1880.00,199,100.00,0.00,0.00
4-January-2021,9.00,9.45,9.00,9.45,9.449061662198391420,746,3,7049.00,746,100.00,0.45,0.45
1-January-2021,9.00,9.00,9.00,9.00,9.000000000000000000,100,1,900.00,100,100.00,0.00,0.00
31-December-2020,9.00,9.00,9.00,9.00,9.000000000000000000,1,1,9.00,1,100.00,0.00,0.00
29-December-2020,9.00,9.00,9.00,9.00,9.000000000000000000,100,1,900.00,100,100.00,0.00,0.00
18-December-2020,7.78,8.58,7.78,8.58,8.319727891156462585,147,4,1223.00,101,68.71,0.80,0.80
16-December-2020,8.18,8.18,8.18,8.18,8.179310344827586206,1015,4,8302.00,1015,100.00,0.00,0.00
15-December-2020,8.00,8.17,8.00,8.17,8.043165467625899280,556,13,4472.00,556,100.00,0.17,0.17
14-December-2020,7.62,8.42,7.62,8.42,7.769282360831656606,1491,6,11584.00,1491,100.00,0.80,0.80
11-December-2020,8.44,8.44,8.02,8.02,8.020655270655270655,1404,6,11261.00,1404,100.00,0.42,-0.42
9-December-2020,8.44,8.44,8.44,8.44,8.440000000000000000,175,1,1477.00,175,100.00,0.00,0.00
8-December-2020,8.88,8.88,8.88,8.88,8.666666666666666666,3,3,26.00,3,100.00,0.00,0.00
16-October-2020,9.34,9.34,9.34,9.34,9.000000000000000000,1,1,9.00,1,100.00,0.00,0.00
13-October-2020,9.34,9.34,9.34,9.34,9.333333333333333333,36,1,336.00,36,100.00,0.00,0.00
9-October-2020,9.34,9.34,9.34,9.34,9.300000000000000000,10,1,93.00,10,100.00,0.00,0.00
7-October-2020,9.34,9.34,9.34,9.34,9.307692307692307692,13,2,121.00,13,100.00,0.00,0.00
29-September-2020,9.34,9.34,9.34,9.34,9.333333333333333333,12,2,112.00,12,100.00,0.00,0.00
24-September-2020,8.90,8.90,8.90,8.90,8.900000000000000000,10,1,89.00,10,100.00,0.00,0.00
17-September-2020,8.90,8.90,8.90,8.90,8.833333333333333333,12,3,106.00,12,100.00,0.00,0.00
16-September-2020,9.81,9.81,9.00,9.00,9.057553956834532374,139,6,1259.00,139,100.00,0.81,-0.81
14-September-2020,9.35,9.35,9.35,9.35,9.000000000000000000,1,1,9.00,1,100.00,0.00,0.00
28-August-2020,9.35,9.35,9.35,9.35,9.346153846153846153,52,2,486.00,52,100.00,0.00,0.00
27-August-2020,9.35,9.35,9.35,9.35,9.200000000000000000,5,1,46.00,5,100.00,0.00,0.00
26-August-2020,9.35,9.35,9.35,9.35,9.333333333333333333,3,1,28.00,3,100.00,0.00,0.00
25-August-2020,9.80,9.80,9.80,9.80,9.800000000000000000,10,2,98.00,10,100.00,0.00,0.00
24-August-2020,10.41,10.41,9.80,10.00,10.286764705882352941,136,6,1399.00,136,100.00,0.61,-0.41
20-August-2020,9.92,9.92,9.92,9.92,9.900000000000000000,10,1,99.00,10,100.00,0.00,0.00
19-August-2020,9.92,9.92,9.92,9.92,9.918367346938775510,490,3,4860.00,490,100.00,0.00,0.00
17-August-2020,9.92,9.92,9.92,9.92,9.920000000000000000,1250,1,12400.00,1250,100.00,0.00,0.00
10-August-2020,9.93,9.93,9.93,9.93,9.000000000000000000,1,1,9.00,1,100.00,0.00,0.00
6-August-2020,9.93,9.93,9.93,9.93,9.928716904276985743,491,3,4875.00,491,100.00,0.00,0.00
4-August-2020,9.90,9.93,9.46,9.93,9.800000000000000000,5,3,49.00,4,80.00,0.47,0.03
30-July-2020,9.93,9.93,9.93,9.93,9.750000000000000000,4,2,39.00,4,100.00,0.00,0.00
29-July-2020,10.45,10.45,9.93,9.93,9.937704918032786885,610,3,6062.00,610,100.00,0.52,-0.52
28-July-2020,10.45,10.45,10.45,10.45,10.000000000000000000,1,1,10.00,1,100.00,0.00,0.00
23-July-2020,10.45,10.45,10.45,10.45,10.000000000000000000,1,1,10.00,1,100.00,0.00,0.00
21-July-2020,10.45,10.45,10.45,10.45,10.448387096774193548,310,4,3239.00,310,100.00,0.00,0.00
20-July-2020,11.00,11.00,11.00,11.00,11.000000000000000000,9,1,99.00,9,100.00,0.00,0.00
14-July-2020,11.28,11.28,11.28,11.28,11.280000000000000000,600,1,6768.00,600,100.00,0.00,0.00
9-July-2020,11.87,11.87,11.87,11.87,11.854166666666666666,48,1,569.00,48,100.00,0.00,0.00
7-July-2020,12.43,12.43,11.28,12.30,11.965087281795511221,401,7,4798.00,250,62.34,1.15,-0.13
6-July-2020,11.87,12.90,11.87,11.87,12.243636363636363636,550,6,6734.00,550,100.00,1.03,0.00
3-July-2020,12.08,12.49,11.59,12.49,11.803883495145631067,515,6,6079.00,505,98.06,0.90,0.41
2-July-2020,12.65,12.68,12.08,12.20,12.583663758921490880,1261,4,15868.00,1261,100.00,0.60,-0.45
1-July-2020,11.55,12.09,11.55,12.09,12.049826689774696707,2308,23,27811.00,2308,100.00,0.54,0.54
30-June-2020,11.52,11.52,11.52,11.52,11.000000000000000000,1,1,11.00,1,100.00,0.00,0.00
29-June-2020,10.94,10.98,10.94,10.98,10.935483870967741935,31,2,339.00,31,100.00,0.04,0.04
26-June-2020,10.46,10.46,10.46,10.46,10.457142857142857142,280,7,2928.00,280,100.00,0.00,0.00
25-June-2020,9.50,9.97,9.50,9.97,9.846153846153846153,26,3,256.00,26,100.00,0.47,0.47
24-June-2020,9.50,9.50,9.50,9.50,9.333333333333333333,3,2,28.00,3,100.00,0.00,0.00
23-June-2020,9.10,9.10,9.10,9.10,9.092592592592592592,54,6,491.00,54,100.00,0.00,0.00
22-June-2020,8.67,8.67,8.67,8.67,8.600000000000000000,5,1,43.00,5,100.00,0.00,0.00
19-June-2020,7.87,8.26,7.87,8.26,7.933333333333333333,120,3,952.00,120,100.00,0.39,0.39
18-June-2020,7.25,7.87,7.25,7.87,7.427142857142857142,700,3,5199.00,700,100.00,0.62,0.62
17-June-2020,7.50,7.50,7.50,7.50,7.500000000000000000,100,2,750.00,100,100.00,0.00,0.00
15-June-2020,7.15,7.50,7.15,7.50,7.325000000000000000,200,2,1465.00,200,100.00,0.35,0.35
8-June-2020,7.15,7.15,7.15,7.15,7.150000000000000000,2000,1,14300.00,2000,100.00,0.00,0.00
3-June-2020,7.11,7.11,7.11,7.11,7.000000000000000000,4,1,28.00,4,100.00,0.00,0.00
27-May-2020,7.00,7.11,7.00,7.11,7.104761904761904761,1050,6,7460.00,1050,100.00,0.11,0.11
4-May-2020,7.11,7.11,7.11,7.11,7.000000000000000000,3,1,21.00,3,100.00,0.00,0.00
20-February-2020,7.11,7.11,7.11,7.11,7.080000000000000000,25,1,177.00,25,100.00,0.00,0.00
18-February-2020,7.48,7.48,7.48,7.48,7.480000000000000000,25,1,187.00,25,100.00,0.00,0.00
14-February-2020,7.87,7.87,7.86,7.87,7.868589743589743589,312,4,2455.00,12,3.85,0.01,0.00
13-February-2020,8.27,8.27,8.27,8.27,8.200000000000000000,10,1,82.00,10,100.00,0.00,0.00
12-February-2020,9.54,9.54,8.70,8.70,8.702702702702702702,111,3,966.00,111,100.00,0.84,-0.84
7-February-2020,9.09,9.09,9.09,9.09,9.080000000000000000,50,1,454.00,50,100.00,0.00,0.00
5-February-2020,9.86,10.35,9.37,9.42,9.485237483953786906,779,8,7389.00,265,34.02,0.98,-0.44
4-February-2020,10.88,10.88,9.86,9.86,9.864661654135338345,399,6,3936.00,99,24.81,1.02,-1.02
3-February-2020,9.39,10.37,9.39,10.37,9.427215189873417721,316,5,2979.00,116,36.71,0.98,0.98
1-February-2020,10.92,10.92,9.88,9.88,10.110332749562171628,571,14,5773.00,134,23.47,1.04,-1.04
31-January-2020,10.45,10.45,10.40,10.40,10.400000000000000000,1225,9,12740.00,220,17.96,0.05,-0.05
30-January-2020,11.15,11.15,10.85,10.90,10.889860139860139860,572,6,6229.00,222,38.81,0.30,-0.25
29-January-2020,11.50,11.55,11.40,11.40,11.479944674965421853,723,6,8300.00,222,30.71,0.15,-0.10
27-January-2020,12.25,12.60,12.00,12.00,12.573611111111111111,1440,3,18106.00,1440,100.00,0.60,-0.25
23-January-2020,12.10,12.10,12.10,12.10,12.100000000000000000,100,1,1210.00,100,100.00,0.00,0.00
22-January-2020,13.20,13.20,12.55,12.55,12.589033942558746736,1915,11,24108.00,1915,100.00,0.65,-0.65
21-January-2020,14.35,14.35,13.15,13.20,13.186080947680157946,2026,4,26715.00,26,1.28,1.20,-1.15
20-January-2020,13.60,13.70,13.60,13.70,13.637500000000000000,2000,3,27275.00,0,0.00,0.10,0.10
16-January-2020,14.50,14.50,14.25,14.25,14.253658536585365853,205,2,2922.00,205,100.00,0.25,-0.25
8-January-2020,14.20,15.00,14.20,14.80,14.796636561818748053,3211,9,47512.00,1210,37.68,0.80,0.60
7-January-2020,15.55,15.55,14.60,14.65,14.919443949385136339,5611,17,83713.00,1611,28.71,0.95,-0.90
6-January-2020,15.00,15.50,14.80,14.85,15.237123787936028208,7941,15,120998.00,4941,62.22,0.70,-0.15
3-January-2020,15.15,15.15,15.00,15.00,15.148956817079087821,2061,3,31222.00,2061,100.00,0.15,-0.15
1-January-2020,15.50,15.50,14.80,14.80,15.087436399217221135,12775,38,192742.00,4385,34.32,0.70,-0.70
31-December-2019,14.95,15.25,14.95,15.02,15.147386461011139674,49014,20,742434.00,24014,48.99,0.30,0.07
30-December-2019,14.95,14.95,14.95,14.95,14.947867298578199052,211,6,3154.00,211,100.00,0.00,0.00
27-December-2019,14.85,15.40,14.50,14.95,15.199936518928901200,34656,37,526769.00,16155,46.62,0.90,0.10
26-December-2019,15.25,15.25,14.85,14.85,15.187500000000000000,48,10,729.00,48,100.00,0.40,-0.40
24-December-2019,15.80,15.80,14.50,15.10,14.982007575757575757,3168,19,47463.00,2480,78.28,1.30,-0.70
23-December-2019,14.44,15.20,14.44,15.09,14.776119402985074626,938,11,13860.00,812,86.57,0.76,0.65
20-December-2019,14.99,15.25,14.99,15.20,15.216328757923015573,119115,38,1812493.00,56364,47.32,0.26,0.21
19-December-2019,15.05,15.20,14.00,14.77,14.869769858945805493,134700,41,2002958.00,65550,48.66,1.20,-0.28
18-December-2019,14.71,14.71,14.71,14.71,14.710000000000000000,100,1,1471.00,100,100.00,0.00,0.00
12-December-2019,14.01,14.01,14.01,14.01,14.010000000000000000,200,2,2802.00,200,100.00,0.00,0.00
11-December-2019,13.33,13.35,13.30,13.35,13.326666666666666666,600,5,7996.00,0,0.00,0.05,0.02
10-December-2019,12.45,13.00,12.45,13.00,12.913333333333333333,1050,5,13559.00,1050,100.00,0.55,0.55
25-November-2019,13.70,13.70,12.45,12.45,13.049689440993788819,161,3,2101.00,161,100.00,1.25,-1.25
15-November-2019,12.90,13.09,12.90,13.09,12.914285714285714285,350,2,4520.00,350,100.00,0.19,0.19
6-November-2019,13.12,13.12,12.47,12.47,12.581818181818181818,110,2,1384.00,110,100.00,0.65,-0.65
5-November-2019,12.70,13.12,12.70,13.12,12.700149925037481259,2001,2,25413.00,2001,100.00,0.42,0.42
1-November-2019,13.12,13.12,12.50,13.12,12.521568627450980392,255,3,3193.00,255,100.00,0.62,0.00
30-October-2019,13.12,13.12,13.12,13.12,13.120000000000000000,50,1,656.00,50,100.00,0.00,0.00
29-October-2019,13.12,13.12,13.12,13.12,13.120000000000000000,100,2,1312.00,100,100.00,0.00,0.00
22-October-2019,13.12,13.12,13.12,13.12,13.115384615384615384,52,1,682.00,52,100.00,0.00,0.00
9-October-2019,13.12,13.12,13.12,13.12,13.120000000000000000,50,1,656.00,50,100.00,0.00,0.00
7-October-2019,13.12,13.12,13.12,13.12,13.120000000000000000,50,1,656.00,50,100.00,0.00,0.00
19-September-2019,13.12,13.12,13.12,13.12,13.000000000000000000,2,1,26.00,2,100.00,0.00,0.00
18-September-2019,12.50,12.50,12.50,12.50,12.500000000000000000,6,2,75.00,6,100.00,0.00,0.00
6-September-2019,12.35,12.35,12.35,12.35,12.350000000000000000,1000,1,12350.00,1000,100.00,0.00,0.00
5-September-2019,13.00,13.00,13.00,13.00,13.000000000000000000,22,2,286.00,22,100.00,0.00,0.00
28-August-2019,12.30,12.99,12.30,12.99,12.444444444444444444,18,2,224.00,18,100.00,0.69,0.69
27-August-2019,12.93,12.93,11.71,12.92,12.101612903225806451,620,4,7503.00,520,83.87,1.22,-0.01
26-August-2019,12.39,12.39,11.21,12.32,12.170000000000000000,500,4,6085.00,410,82.00,1.18,-0.07
23-August-2019,11.80,11.80,11.80,11.80,11.800000000000000000,200,2,2360.00,200,100.00,0.00,0.00
22-August-2019,11.25,11.80,11.25,11.80,11.433333333333333333,750,4,8575.00,750,100.00,0.55,0.55
21-August-2019,12.14,12.15,11.01,11.53,12.133307603241991509,25910,12,314374.00,25656,99.02,1.14,-0.61
20-August-2019,11.05,11.58,11.05,11.58,11.548633591809079274,53132,63,613602.00,27131,51.06,0.53,0.53
19-August-2019,11.02,11.03,11.02,11.03,11.019995364289577377,64715,98,713159.00,32715,50.55,0.01,0.01
16-August-2019,10.51,10.51,10.51,10.51,10.507177033492822966,209,5,2196.00,209,100.00,0.00,0.00
14-August-2019,10.01,10.01,10.01,10.01,10.009446693657219973,741,15,7417.00,741,100.00,0.00,0.00
13-August-2019,9.54,9.54,9.54,9.54,9.536363636363636363,110,5,1049.00,100,90.91,0.00,0.00
9-August-2019,9.56,9.56,9.09,9.09,9.091000000000000000,2000,3,18182.00,2000,100.00,0.47,-0.47
1-August-2019,9.56,9.56,9.56,9.56,9.000000000000000000,1,1,9.00,1,100.00,0.00,0.00
30-July-2019,9.95,10.00,9.95,10.00,9.974619289340101522,197,3,1965.00,197,100.00,0.05,0.05
29-July-2019,9.55,9.55,9.55,9.55,9.500000000000000000,18,1,171.00,18,100.00,0.00,0.00
26-July-2019,10.00,10.00,10.00,10.00,10.000000000000000000,2,2,20.00,2,100.00,0.00,0.00
24-July-2019,10.52,10.52,9.59,9.60,9.622696411251212415,1031,6,9921.00,31,3.01,0.93,-0.92
23-July-2019,11.02,11.02,10.00,10.02,10.019704433497536945,1015,4,10170.00,15,1.48,1.02,-1.00
17-July-2019,10.97,10.97,10.50,10.50,10.500000000000000000,152,4,1596.00,152,100.00,0.47,-0.47
15-July-2019,10.40,10.45,10.40,10.45,10.424787606196901549,2001,3,20860.00,1,0.05,0.05,0.05
9-July-2019,11.15,11.15,10.40,10.40,10.775000000000000000,400,3,4310.00,200,50.00,0.75,-0.75
8-July-2019,11.58,11.58,10.62,10.62,10.736842105263157894,570,3,6120.00,570,100.00,0.96,-0.96
5-July-2019,11.03,11.03,11.03,11.03,11.030000000000000000,100,8,1103.00,100,100.00,0.00,0.00
4-July-2019,10.00,10.51,10.00,10.51,10.125925925925925925,405,3,4101.00,405,100.00,0.51,0.51
1-July-2019,10.01,10.01,10.01,10.01,10.000000000000000000,50,1,500.00,50,100.00,0.00,0.00
27-June-2019,10.50,10.50,10.01,10.01,10.091666666666666666,120,2,1211.00,120,100.00,0.49,-0.49
25-June-2019,10.00,10.00,10.00,10.00,10.000000000000000000,25,1,250.00,25,100.00,0.00,0.00
24-June-2019,9.41,9.55,9.41,9.53,9.529470529470529470,1001,3,9539.00,501,50.05,0.14,0.12
21-June-2019,9.88,9.90,9.88,9.90,9.890000000000000000,2000,2,19780.00,0,0.00,0.02,0.02
20-June-2019,10.12,10.12,10.12,10.12,10.100000000000000000,20,1,202.00,20,100.00,0.00,0.00
18-June-2019,10.12,10.12,10.12,10.12,10.120000000000000000,100,1,1012.00,100,100.00,0.00,0.00
17-June-2019,10.65,11.64,10.65,10.65,10.931526390870185449,701,8,7663.00,501,71.47,0.99,0.00
13-June-2019,11.21,11.50,11.21,11.21,11.209790209790209790,1001,3,11221.00,1001,100.00,0.29,0.00
12-June-2019,11.80,11.80,11.80,11.80,11.800000000000000000,300,1,3540.00,300,100.00,0.00,0.00
11-June-2019,12.95,12.95,12.00,12.32,12.428767123287671232,730,4,9073.00,600,82.19,0.95,-0.63
24-May-2019,12.20,12.55,12.03,12.35,12.296000000000000000,500,4,6148.00,300,60.00,0.52,0.15
23-May-2019,12.61,12.61,12.61,12.61,12.592592592592592592,27,1,340.00,27,100.00,0.00,0.00
22-May-2019,12.01,12.01,12.01,12.01,12.000000000000000000,5,2,60.00,5,100.00,0.00,0.00
8-May-2019,12.63,12.63,12.01,12.01,12.628742514970059880,501,4,6327.00,501,100.00,0.62,-0.62
6-May-2019,13.15,13.15,12.02,12.03,12.400000000000000000,300,3,3720.00,100,33.33,1.13,-1.12
25-April-2019,12.53,12.53,12.53,12.53,12.444444444444444444,9,1,112.00,9,100.00,0.00,0.00
24-April-2019,13.81,13.81,12.90,13.05,13.045686404967842093,4509,6,58823.00,509,11.29,0.91,-0.76
23-April-2019,12.02,13.16,12.01,13.16,12.686597938144329896,485,4,6153.00,385,79.38,1.15,1.14
16-April-2019,12.55,12.55,12.54,12.54,12.543333333333333333,300,2,3763.00,300,100.00,0.01,-0.01
9-April-2019,13.16,13.16,13.16,13.16,13.100000000000000000,10,1,131.00,10,100.00,0.00,0.00
8-April-2019,13.16,13.16,13.16,13.16,13.137931034482758620,29,1,381.00,29,100.00,0.00,0.00
5-April-2019,13.45,13.80,13.45,13.80,13.666666666666666666,30,3,410.00,20,66.67,0.35,0.35
4-April-2019,14.85,14.85,14.10,14.10,14.097560975609756097,41,2,578.00,40,97.56,0.75,-0.75
3-April-2019,14.15,14.19,14.14,14.19,14.148820326678765880,551,5,7796.00,551,100.00,0.05,0.04
2-April-2019,13.52,13.52,13.52,13.52,13.520000000000000000,125,4,1690.00,125,100.00,0.00,0.00
1-April-2019,13.55,13.55,12.88,12.88,13.240384615384615384,208,5,2754.00,208,100.00,0.67,-0.67
29-March-2019,13.55,13.55,13.55,13.55,13.540000000000000000,50,2,677.00,50,100.00,0.00,0.00
27-March-2019,14.50,14.50,14.25,14.25,14.251461988304093567,855,14,12185.00,855,100.00,0.25,-0.25
26-March-2019,14.20,14.20,14.20,14.20,14.200000000000000000,50,1,710.00,50,100.00,0.00,0.00
25-March-2019,14.50,14.50,14.50,14.50,14.500000000000000000,20,1,290.00,20,100.00,0.00,0.00
20-March-2019,14.45,16.00,14.45,14.50,14.824175824175824175,364,8,5396.00,332,91.21,1.55,0.05
19-March-2019,16.10,16.10,15.60,15.95,16.062980030721966205,651,6,10457.00,501,76.96,0.50,-0.15
18-March-2019,15.90,15.90,14.35,15.80,15.078723404255319148,470,11,7087.00,273,58.09,1.55,-0.10
15-March-2019,17.65,18.80,15.90,15.90,16.000000000000000000,457,16,7312.00,453,99.12,2.90,-1.75
14-March-2019,17.65,19.50,17.65,17.65,17.656826568265682656,271,6,4785.00,251,92.62,1.85,0.00
11-March-2019,19.60,19.60,19.60,19.60,19.333333333333333333,3,1,58.00,3,100.00,0.00,0.00
8-March-2019,19.60,19.60,19.60,19.60,19.583333333333333333,12,1,235.00,12,100.00,0.00,0.00
6-March-2019,19.65,19.65,19.65,19.65,19.500000000000000000,2,1,39.00,2,100.00,0.00,0.00
28-February-2019,18.85,18.85,18.50,18.50,18.742857142857142857,70,3,1312.00,70,100.00,0.35,-0.35
27-February-2019,20.75,20.75,17.40,17.40,17.687931034482758620,580,6,10259.00,580,100.00,3.35,-3.35
22-February-2019,19.30,19.30,19.30,19.30,19.200000000000000000,5,1,96.00,5,100.00,0.00,0.00
19-February-2019,20.80,20.80,17.50,18.85,18.641624365482233502,985,10,18362.00,385,39.09,3.30,-1.95
12-February-2019,19.40,19.40,19.40,19.40,19.400000000000000000,5,1,97.00,5,100.00,0.00,0.00
8-February-2019,18.00,18.05,17.95,18.00,18.000000000000000000,498,3,8964.00,0,0.00,0.10,0.00
7-February-2019,19.70,19.70,16.25,18.55,18.538687561214495592,1021,5,18928.00,11,1.08,3.45,-1.15
1-February-2019,17.45,19.35,17.45,18.05,18.017578125000000000,512,5,9225.00,12,2.34,1.90,0.60
31-January-2019,19.25,20.00,17.50,17.75,18.853515625000000000,1024,8,19306.00,924,90.23,2.50,-1.50
30-January-2019,16.95,19.40,16.95,19.35,19.083296312749888938,4502,6,85913.00,502,11.15,2.45,2.40
29-January-2019,17.70,18.80,17.70,18.80,18.750000000000000000,100,6,1875.00,100,100.00,1.10,1.10
28-January-2019,15.50,18.80,15.40,17.70,17.691916141834181692,11591,19,205067.00,1490,12.85,3.40,2.20
25-January-2019,18.55,19.85,16.80,17.10,17.566315789473684210,950,9,16688.00,929,97.79,3.05,-1.45
24-January-2019,20.00,21.45,18.10,18.55,18.725190839694656488,131,4,2453.00,115,87.79,3.35,-1.45
22-January-2019,20.00,20.00,20.00,20.00,20.000000000000000000,2,1,40.00,2,100.00,0.00,0.00
21-January-2019,19.60,19.95,19.60,19.95,19.775000000000000000,200,3,3955.00,100,50.00,0.35,0.35
18-January-2019,20.00,20.05,20.00,20.05,20.024838709677419354,3100,4,62077.00,1550,50.00,0.05,0.05
17-January-2019,21.20,21.20,18.60,19.50,19.271685761047463175,611,19,11775.00,543,88.87,2.60,-1.70
16-January-2019,18.00,19.50,18.00,19.45,18.205325999463375368,14908,9,271405.00,10004,67.10,1.50,1.45
15-January-2019,19.75,19.80,18.05,19.25,19.260219341974077766,2006,8,38636.00,1003,50.00,1.75,-0.50
14-January-2019,18.15,19.80,18.15,19.80,19.441400304414003044,657,11,12773.00,654,99.54,1.65,1.65
11-January-2019,19.85,19.85,19.85,19.85,19.850000000000000000,100,1,1985.00,100,100.00,0.00,0.00
10-January-2019,17.55,19.00,17.50,18.20,18.078230295927336653,3413,28,61701.00,1509,44.21,1.50,0.65
9-January-2019,18.40,20.00,18.40,19.25,19.078787878787878787,165,7,3148.00,115,69.70,1.60,0.85
8-January-2019,20.45,20.45,20.40,20.40,20.442225392296718972,701,7,14330.00,701,100.00,0.05,-0.05
7-January-2019,20.50,21.60,18.45,20.50,19.852021675698207586,2399,16,47625.00,1806,75.28,3.15,0.00
4-January-2019,18.40,20.65,18.40,20.05,20.072992700729927007,685,8,13750.00,185,27.01,2.25,1.65
3-January-2019,17.90,20.80,17.90,19.40,19.416314946878183670,13742,23,266819.00,11388,82.87,2.90,1.50
2-January-2019,19.10,21.90,19.10,19.85,19.646562149563534818,45479,35,893506.00,28701,63.11,2.80,0.75
1-January-2019,20.15,23.90,20.15,21.00,20.767399267399267399,546,18,11339.00,485,88.83,3.75,0.85
31-December-2018,22.40,22.40,22.30,22.35,22.366528354080221300,723,6,16171.00,723,100.00,0.10,-0.05
28-December-2018,22.10,22.10,21.00,22.00,22.084967320261437908,153,4,3379.00,152,99.35,1.10,-0.10
27-December-2018,22.45,22.45,22.35,22.45,22.381720430107526881,372,4,8326.00,265,71.24,0.10,0.00
26-December-2018,20.00,21.85,20.00,21.45,20.607221812822402358,9499,36,195748.00,7853,82.67,1.85,1.45
24-December-2018,20.80,24.00,20.80,21.95,21.623876835415296953,18252,31,394679.00,14022,76.82,3.20,1.15
21-December-2018,22.45,23.95,20.20,23.10,21.835962145110410094,1268,14,27688.00,487,38.41,3.75,0.65
20-December-2018,24.50,24.50,20.40,22.20,22.174677002583979328,1935,15,42908.00,807,41.71,4.10,-2.30
19-December-2018,22.50,22.75,22.50,22.65,22.624373956594323873,599,8,13552.00,100,16.69,0.25,0.15
18-December-2018,22.00,22.90,20.95,22.05,22.055773881499395405,6616,36,145921.00,3264,49.33,1.95,0.05
17-December-2018,24.00,25.90,23.25,23.25,23.751817968566737039,4263,40,101254.00,3443,80.76,2.65,-0.75
14-December-2018,24.00,26.70,22.65,25.80,25.501644736842105263,608,8,15505.00,604,99.34,4.05,1.80
13-December-2018,24.00,24.95,22.55,24.70,23.878859857482185273,2947,61,70371.00,1743,59.14,2.40,0.70
12-December-2018,26.45,26.45,25.05,25.05,25.067469879518072289,830,4,20806.00,830,100.00,1.40,-1.40
11-December-2018,25.85,25.85,23.70,25.25,25.251485148514851485,505,4,12752.00,505,100.00,2.15,-0.60
10-December-2018,26.85,26.85,24.00,25.75,25.655507559395248380,1852,11,47514.00,1801,97.25,2.85,-1.10
7-December-2018,25.95,26.25,24.95,25.55,25.221617206643071059,3673,16,92639.00,3210,87.39,1.30,-0.40
6-December-2018,26.50,26.50,23.70,24.35,24.500217391304347826,4600,38,112701.00,2801,60.89,2.80,-2.15
5-December-2018,26.00,27.20,25.55,25.95,25.996990710454010205,7643,53,198695.00,4602,60.21,1.65,-0.05
4-December-2018,25.00,27.50,22.95,25.25,24.928957250887391326,19439,71,484594.00,5300,27.26,4.55,0.25
3-December-2018,29.20,29.20,22.90,25.50,27.388494776215658454,7753,20,212343.00,3502,45.17,6.30,-3.70
30-November-2018,27.70,32.45,27.50,28.60,28.744212400841832604,6177,52,177553.00,4337,70.21,4.95,0.90
29-November-2018,33.40,33.90,27.60,33.35,33.318976545842217484,7035,51,234399.00,5861,83.31,6.30,-0.05
28-November-2018,40.00,45.80,32.00,33.40,43.416298023091466436,108958,237,4730553.00,97400,89.39,13.80,-6.60
27-November-2018,38.50,42.30,36.30,39.95,41.794417805044537893,118663,27,4959451.00,104351,87.94,6.00,1.45
26-November-2018,38.00,38.40,35.50,38.40,38.144278606965174129,603,6,23001.00,201,33.33,2.90,0.40
22-November-2018,37.95,38.00,37.90,37.95,37.926153846153846153,650,10,24652.00,350,53.85,0.10,0.00
21-November-2018,38.50,38.55,35.50,37.85,37.606901725431357839,1333,10,50130.00,500,37.51,3.05,-0.65
20-November-2018,38.00,38.00,34.20,37.90,37.451952882827030378,1613,18,60410.00,250,15.50,3.80,-0.10
19-November-2018,38.00,39.00,34.35,37.95,37.136287625418060200,1196,23,44415.00,376,31.44,4.65,-0.05
16-November-2018,37.60,37.80,37.50,37.80,37.620396600566572237,706,5,26560.00,200,28.33,0.30,0.20
15-November-2018,39.00,39.00,34.20,37.55,37.424672489082969432,916,19,34281.00,114,12.45,4.80,-1.45
14-November-2018,37.00,37.20,34.90,37.15,37.164473684210526315,304,4,11298.00,104,34.21,2.30,0.15
13-November-2018,37.00,38.00,34.20,36.95,36.824516129032258064,775,9,28539.00,270,34.84,3.80,-0.05
9-November-2018,39.00,39.00,34.60,37.35,36.855140186915887850,1498,12,55209.00,320,21.36,4.40,-1.65
7-November-2018,37.25,37.30,37.25,37.30,37.274545454545454545,1100,2,41002.00,0,0.00,0.05,0.05
6-November-2018,37.25,37.30,36.20,36.90,37.069539666993143976,1021,7,37848.00,521,51.03,1.10,-0.35
5-November-2018,37.00,37.25,34.50,37.00,37.013661202185792349,1830,10,67735.00,830,45.36,2.75,0.00
2-November-2018,37.50,38.00,34.55,37.50,36.268475210477081384,2138,22,77542.00,1129,52.81,3.45,0.00
1-November-2018,37.00,37.10,37.00,37.10,37.050000000000000000,500,3,18525.00,0,0.00,0.10,0.10
31-October-2018,39.00,39.00,36.50,36.50,36.509960159362549800,502,2,18328.00,502,100.00,2.50,-2.50
30-October-2018,35.00,37.00,32.15,36.35,32.421389689401216778,12492,14,405008.00,11806,94.51,4.85,1.35
29-October-2018,37.00,38.00,31.00,36.05,32.147208499863465978,120849,25,3884958.00,64159,53.09,7.00,-0.95
26-October-2018,35.10,35.10,35.00,35.00,35.047368421052631578,380,3,13318.00,280,73.68,0.10,-0.10
25-October-2018,34.20,35.00,34.20,35.00,34.828125000000000000,64,3,2229.00,51,79.69,0.80,0.80
24-October-2018,36.00,37.00,34.50,35.25,35.166666666666666666,756,15,26586.00,755,99.87,2.50,-0.75
23-October-2018,35.50,35.55,35.50,35.55,35.525000000000000000,1040,2,36946.00,0,0.00,0.05,0.05
22-October-2018,35.00,36.00,29.00,35.15,33.939195509822263797,12828,27,435372.00,9427,73.49,7.00,0.15
19-October-2018,39.00,39.00,35.50,35.50,36.365671641791044776,402,8,14619.00,400,99.50,3.50,-3.50
17-October-2018,34.20,39.00,34.00,36.05,34.666130611103342189,14302,17,495795.00,11300,79.01,5.00,1.85
16-October-2018,39.00,39.00,37.00,37.00,37.013245033112582781,151,2,5589.00,151,100.00,2.00,-2.00
15-October-2018,39.00,39.00,34.10,36.95,36.909181795460225852,44011,46,1624410.00,43459,98.75,4.90,-2.05
12-October-2018,33.20,37.50,33.20,37.50,37.129361245303274288,7452,15,276688.00,7302,97.99,4.30,4.30
11-October-2018,33.20,35.80,30.80,35.80,31.679223354071238121,14627,26,463372.00,12627,86.33,5.00,2.60
10-October-2018,34.70,38.00,32.00,35.00,34.242424242424242424,198,10,6780.00,120,60.61,6.00,0.30
9-October-2018,35.20,35.20,33.15,34.60,33.476838955947591045,9693,19,324491.00,7695,79.39,2.05,-0.60
8-October-2018,35.20,35.20,35.00,35.00,35.117500000000000000,400,8,14047.00,400,100.00,0.20,-0.20
5-October-2018,35.20,35.25,35.05,35.25,35.152542372881355932,177,7,6222.00,175,98.87,0.20,0.05
4-October-2018,38.00,38.00,35.05,35.50,35.748502994011976047,501,11,17910.00,450,89.82,2.95,-2.50
1-October-2018,36.20,38.90,29.20,38.00,35.393162393162393162,351,8,12423.00,301,85.75,9.70,1.80
28-September-2018,36.20,36.20,36.15,36.15,36.192307692307692307,52,4,1882.00,52,100.00,0.05,-0.05
27-September-2018,36.20,36.30,36.20,36.30,36.283044058744993324,1498,4,54352.00,1000,66.76,0.10,0.10
26-September-2018,35.20,36.00,35.20,36.00,35.847808105872622001,1209,6,43340.00,701,57.98,0.80,0.80
25-September-2018,35.20,35.50,35.20,35.50,35.320000000000000000,500,3,17660.00,300,60.00,0.30,0.30
24-September-2018,35.70,35.80,35.70,35.75,35.748995983935742971,498,3,17803.00,0,0.00,0.10,0.05
21-September-2018,39.00,39.00,36.05,36.05,36.109589041095890410,511,3,18452.00,511,100.00,2.95,-2.95
19-September-2018,38.00,38.10,37.50,37.50,37.876203576341127922,727,4,27536.00,229,31.50,0.60,-0.50
18-September-2018,38.00,39.00,37.40,37.40,37.867332382310984308,701,6,26545.00,200,28.53,1.60,-0.60
17-September-2018,44.95,44.95,37.00,37.55,37.605746209098164405,1253,11,47120.00,171,13.65,7.95,-7.40
14-September-2018,35.05,38.00,35.05,38.00,37.947343363168920205,10502,7,398523.00,5401,51.43,2.95,2.95
12-September-2018,34.40,37.50,34.40,37.50,36.048054919908466819,437,7,15753.00,237,54.23,3.10,3.10
11-September-2018,39.00,39.00,37.25,37.25,37.440311937612477504,1667,6,62413.00,667,40.01,1.75,-1.75
10-September-2018,38.00,42.00,32.30,37.35,41.917467133762760387,26547,24,1112783.00,26324,99.16,9.70,-0.65
7-September-2018,38.00,40.00,36.55,37.85,38.179080824088748019,5048,30,192728.00,1646,32.61,3.45,-0.15
6-September-2018,38.05,43.95,34.50,37.50,40.126850971803242558,72597,29,2913089.00,53320,73.45,9.45,-0.55
5-September-2018,32.50,37.00,31.05,37.00,33.945187027963137314,145513,35,4939466.00,75001,51.54,5.95,4.50
4-September-2018,32.25,39.00,32.25,36.40,35.132681564245810055,12172,22,427635.00,8670,71.23,6.75,4.15
3-September-2018,37.00,37.40,37.00,37.40,37.391752577319587628,97,2,3627.00,97,100.00,0.40,0.40
31-August-2018,33.00,38.00,33.00,37.40,37.324519230769230769,10400,8,388175.00,10300,99.04,5.00,4.40
30-August-2018,35.00,37.50,35.00,36.00,36.759097898513582778,11706,17,430302.00,11571,98.85,2.50,1.00
27-August-2018,31.25,36.85,31.25,35.05,33.470556194395690855,33046,33,1106068.00,18037,54.58,5.60,3.80
24-August-2018,35.00,36.60,35.00,35.00,35.945687429668365658,30214,13,1086063.00,28715,95.04,1.60,0.00
23-August-2018,35.00,35.10,34.80,34.80,34.993017843289371605,1289,4,45106.00,290,22.50,0.30,-0.20
21-August-2018,36.80,36.80,35.00,35.05,35.266165413533834586,1330,7,46904.00,1330,100.00,1.80,-1.75
20-August-2018,38.00,38.00,34.25,35.10,36.659486329743164871,1207,7,44248.00,1205,99.83,3.75,-2.90
17-August-2018,36.95,37.00,31.40,35.05,33.067197534035448240,38930,37,1287306.00,21707,55.76,5.60,-1.90
16-August-2018,30.20,37.00,30.20,33.70,34.215909090909090909,3344,19,114418.00,2063,61.69,6.80,3.50
14-August-2018,36.95,37.95,34.40,35.20,37.767727702489757327,25384,39,958696.00,24044,94.72,3.55,-1.75
13-August-2018,32.05,37.05,32.05,34.35,34.476338028169014084,3550,18,122391.00,3200,90.14,5.00,2.30
10-August-2018,38.00,40.80,33.00,34.50,36.027979812973133442,13474,144,485441.00,9098,67.52,7.80,-3.50
9-August-2018,29.00,34.00,29.00,34.00,31.700652173913043478,4600,16,145823.00,2601,56.54,5.00,5.00
8-August-2018,28.10,28.60,28.00,28.35,28.289941098579973517,21901,21,619578.00,8329,38.03,0.60,0.25
7-August-2018,32.60,32.60,25.60,27.65,28.632786885245901639,1830,14,52398.00,500,27.32,7.00,-4.95
3-August-2018,25.20,29.45,25.20,27.20,26.353860382051854450,62714,29,1652756.00,25713,41.00,4.25,2.00
2-August-2018,25.00,26.80,25.00,26.80,25.250664304694419840,1129,8,28508.00,130,11.51,1.80,1.80
1-August-2018,24.20,26.10,24.20,24.40,26.039761431411530815,1006,6,26196.00,6,0.60,1.90,0.20
31-July-2018,28.65,28.65,24.30,25.85,26.175862068965517241,1450,14,37955.00,250,17.24,4.35,-2.80
30-July-2018,25.05,26.10,24.25,26.05,24.678118414791652504,147110,31,3630398.00,51107,34.74,1.85,1.00
27-July-2018,26.20,28.35,25.00,25.85,25.920669577874818049,6870,103,178075.00,1506,21.92,3.35,-0.35
26-July-2018,26.00,26.10,26.00,26.05,26.050000000000000000,1000,32,26050.00,0,0.00,0.10,0.05
25-July-2018,25.80,25.85,25.80,25.85,25.825000000000000000,1000,5,25825.00,0,0.00,0.05,0.05
24-July-2018,25.50,25.60,25.50,25.60,25.549549549549549549,999,9,25524.00,0,0.00,0.10,0.10
20-July-2018,26.10,26.10,26.10,26.10,26.099125364431486880,1029,4,26856.00,1029,100.00,0.00,0.00
19-July-2018,24.20,26.00,24.00,24.60,24.363095238095238095,4200,11,102325.00,2000,47.62,2.00,0.40
18-July-2018,24.40,24.45,24.40,24.40,24.416666666666666666,1200,6,29300.00,0,0.00,0.05,0.00
16-July-2018,23.50,23.50,23.50,23.50,23.500000000000000000,1000,1,23500.00,1000,100.00,0.00,0.00
13-July-2018,24.00,26.00,24.00,24.20,24.176923076923076923,1300,5,31430.00,100,7.69,2.00,0.20
12-July-2018,26.00,26.00,23.65,23.65,23.673267326732673267,101,2,2391.00,101,100.00,2.35,-2.35
11-July-2018,23.30,26.30,23.25,24.40,23.678499044530661879,51807,41,1226712.00,49900,96.32,3.05,1.10
10-July-2018,23.85,24.00,23.85,24.00,23.925000000000000000,1000,4,23925.00,0,0.00,0.15,0.15
9-July-2018,23.25,23.75,23.25,23.75,23.331924855153040323,85435,9,1993363.00,46435,54.35,0.50,0.50
6-July-2018,25.50,25.50,23.25,24.00,23.507079288025889967,123600,18,2905475.00,88600,71.68,2.25,-1.50
5-July-2018,23.25,23.35,23.25,23.25,23.268036485837734037,52075,5,1211683.00,42675,81.95,0.10,0.00
4-July-2018,23.80,23.90,23.80,23.90,23.899929873772791023,28520,4,681626.00,28520,100.00,0.10,0.10
3-July-2018,25.85,25.85,23.20,23.75,23.476434070592519673,175741,19,4125772.00,173743,98.86,2.65,-2.10
2-July-2018,23.50,23.55,23.50,23.50,23.516100957354221061,1149,3,27020.00,0,0.00,0.05,0.00
29-June-2018,23.50,23.50,23.45,23.45,23.499069836663318078,215016,19,5052676.00,215016,100.00,0.05,-0.05
28-June-2018,24.90,24.90,24.80,24.85,24.849874895746455379,1199,4,29795.00,200,16.68,0.10,-0.05
25-June-2018,28.00,28.00,24.90,25.25,25.019984012789768185,1251,7,31300.00,251,20.06,3.10,-2.75
22-June-2018,25.60,25.65,25.00,25.65,25.272571428571428571,1750,7,44227.00,1750,100.00,0.65,0.05
21-June-2018,23.30,26.45,23.30,23.35,23.357222222222222222,1800,9,42043.00,791,43.94,3.15,0.05
20-June-2018,23.60,25.55,23.60,24.25,24.250000000000000000,1500,3,36375.00,500,33.33,1.95,0.65
19-June-2018,25.95,25.95,23.55,23.55,23.552894211576846307,501,2,11800.00,501,100.00,2.40,-2.40
18-June-2018,25.85,25.85,23.55,23.60,23.576423576423576423,1001,4,23600.00,1,0.10,2.30,-2.25
14-June-2018,25.85,25.85,23.50,23.50,24.008629989212513484,2781,12,66768.00,581,20.89,2.35,-2.35
12-June-2018,23.25,23.50,23.25,23.50,23.354166666666666666,12000,5,280250.00,7000,58.33,0.25,0.25
11-June-2018,23.20,23.25,23.20,23.25,23.216666666666666666,64500,16,1497475.00,43000,66.67,0.05,0.05
8-June-2018,23.55,25.85,23.05,23.55,23.485587583148558758,4510,16,105920.00,1700,37.69,2.80,0.00
7-June-2018,23.25,23.50,23.25,23.50,23.296634615384615384,2080,5,48457.00,200,9.62,0.25,0.25
6-June-2018,23.50,23.60,23.40,23.40,23.501945525291828793,2570,9,60400.00,500,19.46,0.20,-0.10
5-June-2018,23.60,24.80,23.60,23.70,23.657354866870362287,2291,9,54199.00,251,10.96,1.20,0.10
4-June-2018,24.75,24.75,23.65,23.65,23.692252252252252252,5550,15,131492.00,550,9.91,1.10,-1.10
1-June-2018,23.50,23.60,23.50,23.60,23.534210526315789473,5700,11,134145.00,700,12.28,0.10,0.10
28-May-2018,23.00,24.25,23.00,23.00,23.693333333333333333,450,3,10662.00,450,100.00,1.25,0.00
25-May-2018,23.10,23.10,23.10,23.10,23.058823529411764705,17,1,392.00,17,100.00,0.00,0.00
24-May-2018,24.25,24.25,24.25,24.25,24.248000000000000000,250,1,6062.00,250,100.00,0.00,0.00
23-May-2018,24.40,24.40,23.10,23.10,23.371929824561403508,14250,22,333050.00,14250,100.00,1.30,-1.30
22-May-2018,23.75,23.75,23.25,23.25,23.300209205020920502,47800,26,1113750.00,47800,100.00,0.50,-0.50
16-May-2018,23.50,24.00,23.50,24.00,23.785714285714285714,700,4,16650.00,700,100.00,0.50,0.50
15-May-2018,23.50,23.50,23.50,23.50,23.497297297297297297,185,2,4347.00,185,100.00,0.00,0.00
14-May-2018,23.50,23.70,23.50,23.70,23.588362068965517241,464,4,10945.00,464,100.00,0.20,0.20
11-May-2018,24.10,24.10,24.10,24.10,24.100000000000000000,100,1,2410.00,100,100.00,0.00,0.00
9-May-2018,25.20,25.20,24.10,24.10,24.118512256973795435,5915,5,142661.00,5915,100.00,1.10,-1.10
8-May-2018,24.00,24.00,24.00,24.00,24.000000000000000000,20,1,480.00,20,100.00,0.00,0.00
7-May-2018,23.90,24.80,23.90,23.90,24.307598784194528875,32900,86,799720.00,32900,100.00,0.90,0.00
4-May-2018,24.00,24.10,24.00,24.10,24.097724169321802457,21970,63,529427.00,21970,100.00,0.10,0.10
3-May-2018,24.25,24.25,24.05,24.05,24.085526315789473684,15200,8,366100.00,15200,100.00,0.20,-0.20
2-May-2018,25.00,25.10,25.00,25.10,25.060784313725490196,510,4,12781.00,510,100.00,0.10,0.10
30-April-2018,25.40,27.85,25.30,26.00,25.822580645161290322,1550,9,40025.00,1550,100.00,2.55,0.60
27-April-2018,26.60,26.60,26.60,26.60,26.600000000000000000,860,113,22876.00,860,100.00,0.00,0.00
26-April-2018,29.50,29.50,27.70,27.70,28.094588005850804485,2051,14,57622.00,851,41.49,1.80,-1.80
25-April-2018,27.50,29.70,27.50,28.10,28.141542367502380196,3151,19,88674.00,1801,57.16,2.20,0.60
24-April-2018,28.25,28.55,28.20,28.30,28.358323784580127680,6109,26,173241.00,4119,67.43,0.35,0.05
23-April-2018,29.50,31.00,29.00,29.35,29.598769987699876998,4065,23,120319.00,3075,75.65,2.00,-0.15
20-April-2018,29.80,32.10,29.65,29.65,29.989156626506024096,4150,8,124455.00,2670,64.34,2.45,-0.15
19-April-2018,30.25,31.75,30.25,30.60,30.520281533617336543,10798,36,329558.00,10192,94.39,1.50,0.35
18-April-2018,30.90,32.30,30.15,30.25,30.815930359085963003,22975,19,707996.00,17787,77.42,2.15,-0.65
17-April-2018,31.55,33.05,30.50,30.80,30.870688686664419728,8901,17,274780.00,5701,64.05,2.55,-0.75
16-April-2018,30.75,33.25,30.75,31.50,32.962732919254658385,322,11,10614.00,321,99.69,2.50,0.75
13-April-2018,31.70,32.90,31.55,31.70,31.671099564667883724,71210,130,2255299.00,38010,53.38,1.35,0.00
12-April-2018,31.00,33.10,31.00,31.60,31.657009345794392523,78110,93,2472729.00,48010,61.46,2.10,0.60
11-April-2018,32.20,32.25,31.55,31.55,32.064800000000000000,2500,6,80162.00,1000,40.00,0.70,-0.65
10-April-2018,32.00,33.55,32.00,32.10,32.184885290148448043,2964,19,95396.00,884,29.82,1.55,0.10
9-April-2018,32.00,32.25,32.00,32.15,32.047783722894959166,88775,108,2845042.00,47175,53.14,0.25,0.15
6-April-2018,32.50,35.55,32.50,32.60,32.589108910891089108,202,5,6583.00,2,0.99,3.05,0.10
5-April-2018,33.45,36.55,33.45,33.90,33.988857938718662952,2872,21,97616.00,115,4.00,3.10,0.45
4-April-2018,35.00,38.05,34.80,34.85,35.582519280205655526,5835,22,207624.00,1732,29.68,3.25,-0.15
3-April-2018,39.90,39.90,36.20,36.25,37.282657853539746042,5749,28,214338.00,1749,30.42,3.70,-3.65
2-April-2018,38.00,38.00,38.00,38.00,38.000000000000000000,20,6,760.00,20,100.00,0.00,0.00
28-March-2018,36.60,36.60,36.60,36.60,36.597972972972972972,296,5,10833.00,296,100.00,0.00,0.00
27-March-2018,36.60,36.60,36.60,36.60,36.600000000000000000,15,2,549.00,15,100.00,0.00,0.00
26-March-2018,36.20,36.20,36.20,36.20,36.200000000000000000,300,3,10860.00,300,100.00,0.00,0.00
23-March-2018,36.60,36.60,36.20,36.20,36.454545454545454545,154,3,5614.00,154,100.00,0.40,-0.40
22-March-2018,36.60,36.60,35.20,35.20,36.535885167464114832,209,6,7636.00,209,100.00,1.40,-1.40
21-March-2018,36.50,36.60,36.50,36.50,36.501998469257589931,11759,12,429227.00,11759,100.00,0.10,0.00
20-March-2018,36.60,36.60,34.90,35.75,35.660359877115131418,20507,81,731287.00,13061,63.69,1.70,-0.85
19-March-2018,36.60,36.60,36.60,36.60,36.599987813794784304,16412,36,600679.00,11610,70.74,0.00,0.00
16-March-2018,36.60,36.60,36.60,36.60,36.600000000000000000,80,1,2928.00,80,100.00,0.00,0.00
15-March-2018,36.60,36.60,36.60,36.60,36.600000000000000000,200,1,7320.00,200,100.00,0.00,0.00
14-March-2018,36.60,36.60,36.60,36.60,36.600000000000000000,6500,18,237900.00,6500,100.00,0.00,0.00
13-March-2018,36.60,36.60,36.60,36.60,36.595238095238095238,42,1,1537.00,42,100.00,0.00,0.00
12-March-2018,36.60,36.60,36.60,36.60,36.600000000000000000,10,2,366.00,10,100.00,0.00,0.00
9-March-2018,36.60,36.60,36.60,36.60,36.594771241830065359,153,4,5599.00,153,100.00,0.00,0.00
8-March-2018,36.60,36.60,36.60,36.60,36.599355531686358754,931,5,34074.00,931,100.00,0.00,0.00
7-March-2018,36.60,36.60,36.60,36.60,36.595505617977528089,178,3,6514.00,178,100.00,0.00,0.00
6-March-2018,36.60,36.60,36.60,36.60,36.599721059972105997,717,6,26242.00,717,100.00,0.00,0.00
5-March-2018,36.60,36.60,36.60,36.60,36.599756320438623210,3283,23,120157.00,3282,99.97,0.00,0.00
1-March-2018,35.95,35.95,35.90,35.95,35.945600000000000000,1250,12,44932.00,1250,100.00,0.05,0.00
28-February-2018,34.27,34.27,34.27,34.27,34.269975589910496338,6145,30,210589.00,6145,100.00,0.00,0.00
27-February-2018,32.64,32.64,32.50,32.64,32.617031177291763610,6447,13,210282.00,6444,99.95,0.14,0.00
26-February-2018,31.09,31.09,31.09,31.09,31.088560885608856088,271,4,8425.00,271,100.00,0.00,0.00
23-February-2018,29.61,29.61,29.61,29.61,29.600000000000000000,40,1,1184.00,40,100.00,0.00,0.00
22-February-2018,28.20,28.20,28.00,28.20,28.141917964842075175,6997,39,196909.00,6995,99.97,0.20,0.00
21-February-2018,26.86,26.86,26.86,26.86,26.859973106230389959,11155,6,299623.00,11155,100.00,0.00,0.00
20-February-2018,25.59,25.59,25.59,25.59,25.588461538461538461,260,1,6653.00,260,100.00,0.00,0.00
19-February-2018,24.38,24.38,24.38,24.38,24.379966245495598230,21923,27,534482.00,21530,98.21,0.00,0.00
16-February-2018,23.22,23.22,23.22,23.22,23.209302325581395348,86,1,1996.00,86,100.00,0.00,0.00
15-February-2018,22.12,22.12,22.12,22.12,22.120000000000000000,150,1,3318.00,150,100.00,0.00,0.00
14-February-2018,21.07,21.07,21.07,21.07,21.069230769230769230,260,2,5478.00,260,100.00,0.00,0.00
12-February-2018,19.16,19.16,19.16,19.16,19.155555555555555555,180,2,3448.00,180,100.00,0.00,0.00
8-February-2018,17.42,17.42,17.42,17.42,17.416000000000000000,125,2,2177.00,125,100.00,0.00,0.00
7-February-2018,15.84,15.84,15.84,15.84,15.836363636363636363,110,3,1742.00,110,100.00,0.00,0.00
6-February-2018,13.20,13.20,13.20,13.20,13.200000000000000000,100,1,1320.00,100,100.00,0.00,0.00
22-January-2018,11.00,11.00,11.00,11.00,11.000000000000000000,100,1,1100.00,100,100.00,0.00,0.00
